name,ISIN,symbol,market,trading currency
1000MERCIS,FR0010285965,ALMIL,Euronext Growth Paris,EUR
2020 BULKERS,BMG9156K1018,2020,Oslo Børs,NOK
2CRSI,FR0013341781,2CRSI,Euronext Paris,EUR
2MX ORGANIC,FR0014000T90,2MX,Euronext Paris,EUR
2MX ORGANIC BS,FR0014000TB2,2MXBS,Euronext Paris,EUR
5TH PLANET GAMES,DK0060945467,5PG,Euronext Expand Oslo,NOK
A TOUTE VITESSE,FR0010050773,MLATV,Euronext Access Paris,EUR
A.S.T. GROUPE,FR0000076887,ASP,Euronext Paris,EUR
AALBERTS NV,NL0000852564,AALB,Euronext Amsterdam,EUR
AASEN SPAREBANK,NO0010672181,AASB,Euronext Growth Oslo,NOK
AB INBEV,BE0974293251,ABI,Euronext Brussels,EUR
AB SCIENCE,FR0010557264,AB,Euronext Paris,EUR
ABATTOIR,BE0946377455,-,Euronext Expert Market,EUR
ABC ARBITRAGE,FR0004040608,ABCA,Euronext Paris,EUR
ABEO,FR0013185857,ABEO,Euronext Paris,EUR
ABG SUNDAL COLLIER,NO0003021909,ABG,Oslo Børs,NOK
ABIONYX PHARMA,FR0012616852,ABNX,Euronext Paris,EUR
ABIVAX,FR0012333284,ABVX,Euronext Paris,EUR
ABN AMRO BANK N.V.,NL0011540547,ABN,Euronext Amsterdam,EUR
ABO GROUP,BE0974278104,ABO,Euronext Brussels,
ACACIA PHARMA,GB00BYWF9Y76,ACPH,Euronext Brussels,EUR
ACANTHE DEV.,FR0000064602,ACAN,Euronext Paris,EUR
ACCELL GROUP,NL0009767532,ACCEL,Euronext Amsterdam,EUR
ACCENTIS,BE0003696102,ACCB,Euronext Brussels,EUR
ACCOR,FR0000120404,AC,Euronext Paris,EUR
ACCOR AC SHARES,FR0014003PZ3,AAC,Euronext Paris,EUR
ACCOR AC WARRANTS,FR0014003QK3,AACW,Euronext Paris,EUR
ACCSYS,GB00BQQFX454,AXS,Euronext Amsterdam,EUR
ACHETER-LOUER.FR,FR00140072P8,ALALO,Euronext Growth Paris,EUR
ACKERMANS V.HAAREN,BE0003764785,ACKB,Euronext Brussels,EUR
ACTEOS,FR0000076861,EOS,Euronext Paris,EUR
ACTIA GROUP,FR0000076655,ATI,Euronext Paris,EUR
ACTICOR BIOTECH,FR0014005OJ5,ALACT,Euronext Growth Paris,EUR
ACTIVIUM GROUP,FR0010979377,MLACT,Euronext Access Paris,EUR
ACVLHO,BE0010012210,-,Euronext Expert Market,EUR
ADA,FR0000053076,ALADA,Euronext Growth Paris,EUR
ADC SIIC,BE0974269012,ALDV,Euronext Paris,EUR
ADEUNIS,FR0013284627,ALARF,Euronext Growth Paris,EUR
ADEVINTA,NO0010844038,ADE,Oslo Børs,NOK
ADOCIA,FR0011184241,ADOC,Euronext Paris,EUR
ADOMOS,FR0013247244,ALADO,Euronext Growth Paris,EUR
ADP,FR0010340141,ADP,Euronext Paris,EUR
ADS MARITIME HOLD,CY0108052115,ADS,Euronext Growth Oslo,NOK
ADUX,FR0012821890,ADUX,Euronext Paris,
ADVENIS,FR0004152874,ALADV,Euronext Growth Paris,EUR
ADVICENNE,FR0013296746,ADVIC,Euronext Paris,
ADVINI,FR0000053043,ADVI,Euronext Paris,EUR
ADYEN,NL0012969182,ADYEN,Euronext Amsterdam,EUR
AEDIFICA,BE0003851681,AED,Euronext Brussels,
AEGA,NO0010626559,AEGA,Euronext Expand Oslo,NOK
AEGON,NL0000303709,AGN,Euronext Amsterdam,EUR
AERKOMM INC,US00774B2088,AKOM,Euronext Paris,EUR
AF GRUPPEN,NO0003078107,AFG,Oslo Børs,NOK
AFFLUENT MEDICAL,FR0013333077,AFME,Euronext Paris,EUR
AFYREN,FR0014005AC9,ALAFY,Euronext Growth Paris,EUR
AG3I,FR0011908045,MLAGI,Euronext Access Paris,EUR
AGEAS,BE0974264930,AGS,Euronext Brussels,EUR
AGENCE AUTO,FR0014005WE9,MLAA,Euronext Access Paris,EUR
AGENCE MARIT MINNE,BE0024915838,-,Euronext Expert Market,EUR
AGFA-GEVAERT,BE0003755692,AGFB,Euronext Brussels,EUR
AGILYX,NO0010872468,AGLX,Euronext Growth Oslo,NOK
AGP MALAGA SOCIMI,ES0105478004,MLAGP,Euronext Access Paris,EUR
AGRIPOWER,FR0013452281,ALAGP,Euronext Growth Paris,EUR
AGROGENERATION,FR0010641449,ALAGR,Euronext Growth Paris,EUR
AGUAS DA CURIA,PTCUR0AP0000,CUR,Euronext Access Lisbon,EUR
AHOLD DEL,NL0011794037,AD,Euronext Amsterdam,
AIB GROUP PLC,IE00BF0L3536,A5G,Euronext Dublin,EUR
AIR FRANCE -KLM,FR0000031122,AF,Euronext Paris,
AIR LIQUIDE,FR0000120073,AI,Euronext Paris,EUR
AIR MARINE,FR0013285103,MLAIM,Euronext Access Paris,EUR
AIRBUS,NL0000235190,AIR,Euronext Paris,EUR
AIRTHINGS,NO0010895568,AIRX,Euronext Growth Oslo,NOK
AIRTIME,IT0005450819,ALAIR,Euronext Growth Paris,EUR
AIRWELL,FR0014003V77,MLAIR,Euronext Access Paris,EUR
AJAX,NL0000018034,AJAX,Euronext Amsterdam,EUR
AKASTOR,NO0010215684,AKAST,Oslo Børs,NOK
AKER,NO0010234552,AKER,Oslo Børs,NOK
AKER BIOMARINE,NO0010886625,AKBM,Oslo Børs,NOK
AKER BP,NO0010345853,AKRBP,Oslo Børs,NOK
AKER CARBON CAPTUR,NO0010890304,ACC,Oslo Børs,NOK
AKER CLEAN HYDROGE,NO0010936081,ACH,Euronext Growth Oslo,NOK
AKER HORIZONS,NO0010921232,AKH,Oslo Børs,NOK
AKER OFFSHORE WIND,NO0010890312,AOW,Euronext Growth Oslo,NOK
AKER SOLUTIONS,NO0010716582,AKSO,Oslo Børs,NOK
AKKA TECHNOLOGIES,FR0004180537,AKA,Euronext Paris,
AKOBO MINERALS,SE0015193412,AKOBO,Euronext Growth Oslo,NOK
AKVA GROUP,NO0003097503,AKVA,Oslo Børs,NOK
AKWEL,FR0000053027,AKW,Euronext Paris,EUR
AKZO NOBEL,NL0013267909,AKZA,Euronext Amsterdam,EUR
ALAN ALLMAN,FR0000062465,AAA,Euronext Paris,EUR
ALBIOMA,FR0000060402,ABIO,Euronext Paris,EUR
ALBIOMA BSAAR 2018,FR0013368438,ABIBS,Euronext Growth Paris,EUR
ALCHIMIE,FR0014000JX7,ALCHI,Euronext Growth Paris,EUR
ALD,FR0013258662,ALD,Euronext Paris,EUR
ALEPH FINANCE,GB00BJ9M4V82,MLALE,Euronext Access Paris,EUR
ALFEN,NL0012817175,ALFEN,Euronext Amsterdam,EUR
ALIAXIS,BE0941243520,-,Euronext Expert Market,EUR
ALLFUNDS GROUP,GB00BNTJ3546,ALLFG,Euronext Amsterdam,EUR
ALME INVEST,BE0146350740,-,Euronext Expert Market,EUR
ALMUNDA PRO NV,NL0010696704,AMUND,Euronext Amsterdam,EUR
ALPES (COMPAGNIE),FR0000053324,CDA,Euronext Paris,EUR
ALPHA MOS,FR0013421286,ALNEO,Euronext Growth Paris,EUR
ALSTOM,FR0010220475,ALO,Euronext Paris,EUR
ALTAMIR,FR0000053837,LTA,Euronext Paris,EUR
ALTAREA,FR0000033219,ALTA,Euronext Paris,EUR
ALTAREIT,FR0000039216,AREIT,Euronext Paris,EUR
ALTEN,FR0000071946,ATE,Euronext Paris,EUR
ALTERNUS ENERGY GR,IE00BLRPRP89,ALT,Euronext Growth Oslo,NOK
ALTHEORA,FR0000061244,ALORA,Euronext Growth Paris,EUR
ALTRI SGPS,PTALT0AE0002,ALTR,Euronext Lisbon,EUR
ALTUR INVEST.,FR0010395681,ALTUR,Euronext Paris,EUR
ALUMEXX N.V.,NL0012194724,ALX,Euronext Amsterdam,EUR
ALVEEN,FR0013253812,MLALV,Euronext Access Paris,EUR
AMA CORPORATION,GB00BNKGZC51,ALAMA,Euronext Growth Paris,EUR
AMATHEON AGRI,NL0010273694,MLAAH,Euronext Access Paris,EUR
AMERICAN SHIPPING,NO0010272065,AMSC,Oslo Børs,NOK
AMG,NL0000888691,AMG,Euronext Amsterdam,EUR
AMOEBA,FR0011051598,ALMIB,Euronext Growth Paris,EUR
AMPLITUDE SURGICAL,FR0012789667,AMPLI,Euronext Paris,EUR
AMSTERDAM COMMOD.,NL0000313286,ACOMO,Euronext Amsterdam,EUR
AMUNDI,FR0004125920,AMUN,Euronext Paris,EUR
ANDFJORD SALMON,NO0010829765,ANDF,Euronext Growth Oslo,NOK
ANS ROCOUR,BE0003243426,-,Euronext Expert Market,EUR
ANTARES CERT,BE0003676872,ANT,Euronext Brussels,EUR
ANTIN INFRA PARTN,FR0014005AL0,ANTIN,Euronext Paris,EUR
APERAM,LU0569974404,APAM,Euronext Amsterdam,
APTORUM GROUP CL A,KYG6096M1069,APM,Euronext Paris,EUR
AQUA BIO TECHNO,NO0010307135,ABT,Euronext Expand Oslo,NOK
AQUALISBRAEMAR LOC,NO0010715394,AQUA,Oslo Børs,NOK
AQUILA,FR0010340711,ALAQU,Euronext Growth Paris,EUR
ARAMIS GROUP,FR0014003U94,ARAMI,Euronext Paris,EUR
ARCADIS,NL0006237562,ARCAD,Euronext Amsterdam,EUR
ARCELOR MITT LUX,LU0006047129,-,Euronext Expert Market,EUR
ARCELORMITT SCHIFF,LU0006067663,-,Euronext Expert Market,EUR
ARCELORMITTAL SA,LU1598757687,MT,Euronext Amsterdam,
ARCHER,BMG0451H1170,ARCH,Oslo Børs,NOK
ARCHOS,FR0000182479,ALJXR,Euronext Growth Paris,EUR
ARCTIC BIOSCIENCE,NO0010859580,ABS,Euronext Growth Oslo,NOK
ARCTIC FISH HOLDIN,NO0010917719,AFISH,Euronext Growth Oslo,NOK
ARCTICZYMES TECHNO,NO0010014632,AZT,Oslo Børs,NOK
ARCURE,FR0013398997,ALCUR,Euronext Growth Paris,EUR
ARDOIN ST AMAND A,FR0005057635,MLARD,Euronext Access Paris,EUR
ARDOIN ST AMAND B,FR0004070795,ARDO,Euronext Access Paris,EUR
ARENDALS FOSSEKOMP,NO0003572802,AFK,Oslo Børs,NOK
ARGAN,FR0010481960,ARG,Euronext Paris,EUR
ARGENX SE,NL0010832176,ARGX,Euronext Brussels,EUR
ARGEO,NO0010946593,ARGEO,Euronext Growth Oslo,NOK
ARIMELIA ITG,ES0105601001,MLARI,Euronext Access Paris,EUR
ARKEMA,FR0010313833,AKE,Euronext Paris,EUR
ARKIMEDES FONDS,BE0945331669,-,Euronext Expert Market,EUR
ARMA,BE0051300847,-,Euronext Expert Market,EUR
AROCA DEL PINAR,ES0105486007,MLARO,Euronext Access Paris,EUR
ARRIBATEC GROUP,NO0003108102,ARR,Oslo Børs,NOK
ARTEA,FR0012185536,ARTE,Euronext Paris,EUR
ARTMARKET COM,FR0000074783,PRC,Euronext Paris,EUR
ARTOIS NOM.,FR0000076952,ARTO,Euronext Paris,EUR
ASCENCIO,BE0003856730,ASC,Euronext Brussels,EUR
ASETEK,DK0060477263,ASTK,Oslo Børs,NOK
ASHLER ET MANSON,FR0012968485,MLAEM,Euronext Access Paris,EUR
ASM INTERNATIONAL,NL0000334118,ASM,Euronext Amsterdam,EUR
ASML HOLDING,NL0010273215,ASML,Euronext Amsterdam,EUR
ASR NEDERLAND,NL0011872643,ASRNL,Euronext Amsterdam,EUR
ASSICURAZ.GEN.ORD.,IT0000062072,GEN,Traded not listed Brussels,EUR
ASSYSTEM,FR0000074148,ASY,Euronext Paris,EUR
ASTROCAST,CH1122548808,ASTRO,Euronext Growth Oslo,NOK
ATARI,FR0010478248,ATA,Euronext Paris,EUR
ATEA,NO0004822503,ATEA,Oslo Børs,NOK
ATEME,FR0011992700,ATEME,Euronext Paris,EUR
ATENOR,BE0003837540,ATEB,Euronext Brussels,EUR
ATLANTIC SAPPHIRE,NO0010768500,ASA,Oslo Børs,NOK
ATOS,FR0000051732,ATO,Euronext Paris,EUR
ATRIUM EUR REALEST,JE00B3DCF752,ATRS,Euronext Amsterdam,EUR
AUBAY,FR0000063737,AUB,Euronext Paris,EUR
AUDACIA,FR00140059B5,ALAUD,Euronext Growth Paris,EUR
AUDIENCE LABS,FR0011896463,MLAUD,Euronext Access Paris,EUR
AUDIOVALLEY,BE0974334667,ALAVY,Euronext Growth Paris,
AUGROS COSMETICS,FR0000061780,AUGR,Euronext Paris,EUR
AUPLATA MINING GR,FR0013410370,ALAMG,Euronext Growth Paris,EUR
AUREA,FR0000039232,AURE,Euronext Paris,EUR
AURES TECHNOLOGIES,FR0013183589,AURS,Euronext Paris,EUR
AURORA EIENDOM,NO0011032310,AURA,Euronext Growth Oslo,NOK
AURSKOG SPAREBANK,NO0006001601,AURG,Oslo Børs,NOK
AUSTEVOLL SEAFOOD,NO0010073489,AUSS,Oslo Børs,NOK
AUTOSTORE HOLDINGS,BMG0670A1099,AUTO,Oslo Børs,NOK
AVANCE GAS HOLDING,BMG067231032,AGAS,Oslo Børs,NOK
AVANTIUM,NL0012047823,AVTX,Euronext Amsterdam,
AVENIR TELECOM,FR0013529815,AVT,Euronext Paris,EUR
AWILCO DRILLING,GB00B5LJSC86,AWDR,Oslo Børs,NOK
AWILCO LNG,NO0010607971,ALNG,Euronext Expand Oslo,NOK
AXA,FR0000120628,CS,Euronext Paris,EUR
AXA NV22,FR00140074K5,CSNV,Euronext Paris,EUR
AXACTOR,NO0010840515,ACR,Oslo Børs,NOK
AXWAY SOFTWARE,FR0011040500,AXW,Euronext Paris,EUR
AYFIE GROUP,NO0010793243,AYFIE,Euronext Growth Oslo,NOK
AZ LEASING,IT0004812258,MLAZL,Euronext Access Paris,EUR
AZELIS GROUP,BE0974400328,AZE,Euronext Brussels,EUR
AZERION,NL00150006Z9,AZRN,Euronext Amsterdam,EUR
AZERION WARRANTS,NL00150007A0,AZRNW,Euronext Amsterdam,EUR
AZOREAN TECH,PTAZR0AM0006,MLAAT,Euronext Access Paris,EUR
B&S Group,LU1789205884,BSGR,Euronext Amsterdam,EUR
B.COM.PORTUGUES,PTBCP0AM0015,BCP,Euronext Lisbon,EUR
B2HOLDING,NO0010633951,B2H,Oslo Børs,NOK
BAIKOWSKI,FR0013384369,ALBKK,Euronext Growth Paris,EUR
BAINS MER MONACO,MC0000031187,BAIN,Euronext Paris,EUR
BAKKAFROST,FO0000000179,BAKKA,Oslo Børs,NOK
BALTA GROUP,BE0974314461,BALTA,Euronext Brussels,EUR
BALTIC SEA PROP,NO0010810476,BALT,Euronext Growth Oslo,NOK
BALYO,FR0013258399,BALYO,Euronext Paris,EUR
BAM GROEP KON,NL0000337319,BAMNB,Euronext Amsterdam,EUR
BANCO BILBAO VIZC.,ES0113211835,BBV,Traded not listed Brussels,EUR
BANCO SANTANDER,ES0113900J37,SANTA,Traded not listed Brussels,EUR
BANIMMO A,BE0003870871,BANI,Euronext Brussels,EUR
BANK OF IR NC PREF,IE0000730790,DD7E,Euronext Dublin,EUR
BANK OF IR NCP STF,IE0000730808,DD7D,Euronext Dublin,EUR
BANK OF IRELAND GP,IE00BD1RP616,BIRG,Euronext Dublin,EUR
BARBARA BUI,FR0000062788,BUI,Euronext Paris,EUR
BARCO,BE0974362940,BAR,Euronext Brussels,EUR
BARINGS CORE SPAIN,ES0105362000,MLBAR,Euronext Access Paris,EUR
BARRAMUNDI GROUP,SGXZ33675836,BARRA,Euronext Growth Oslo,NOK
BASIC-FIT,NL0011872650,BFIT,Euronext Amsterdam,EUR
BASILIX CERT,BE0003674851,BAS,Euronext Brussels,EUR
BASSAC,FR0004023208,BASS,Euronext Paris,EUR
BASTIDE LE CONFORT,FR0000035370,BLC,Euronext Paris,EUR
BATLA MINERALS,FR0010436170,MLBAT,Euronext Access Paris,EUR
BD MULTI MEDIA,FR0000035305,ALBDM,Euronext Growth Paris,EUR
BE SEMICONDUCTOR,NL0012866412,BESI,Euronext Amsterdam,EUR
BEACONSMIND,CH0451123589,MLBMD,Euronext Access Paris,EUR
BEAULIEU-AV. CERT,BE0003661726,BEAB,Euronext Brussels,EUR
BEBO HEALTH,CH1148983609,MLBBO,Euronext Access Paris,EUR
BEFIMMO,BE0003678894,BEFB,Euronext Brussels,EUR
BEKAERT,BE0974258874,BEKB,Euronext Brussels,EUR
BELIEVE,FR0014003FE9,BLV,Euronext Paris,EUR
BELRECA,BE0020575115,BELR,Euronext Brussels,EUR
BELSHIPS,NO0003094104,BELCO,Oslo Børs,NOK
BELUGA,BE0003723377,BELU,Euronext Brussels,EUR
BEM INVEST,BE0046318490,-,Euronext Expert Market,EUR
BENETEAU,FR0000035164,BEN,Euronext Paris,EUR
BENFICA,PTSLB0AM0010,SLBEN,Euronext Lisbon,EUR
BERGEN CARBON SOL,NO0010950249,BCS,Euronext Growth Oslo,NOK
BERGENBIO,NO0010650013,BGBIO,Oslo Børs,NOK
BERNARD LOISEAU,FR0000066961,ALDBL,Euronext Growth Paris,EUR
BETER BED,NL0000339703,BBED,Euronext Amsterdam,EUR
BEVER HOLDING,NL0000285278,BEVER,Euronext Amsterdam,EUR
BEWI,NO0010890965,BEWI,Oslo Børs,NOK
BGL BNP PARIBAS,LU0097891112,-,Euronext Expert Market,EUR
BHA,BE0032095854,-,Euronext Expert Market,EUR
BIC,FR0000120966,BB,Euronext Paris,EUR
BIGBEN INTERACTIVE,FR0000074072,BIG,Euronext Paris,EUR
BIL,LU0006040975,-,Euronext Expert Market,EUR
BILENDI,FR0004174233,ALBLD,Euronext Growth Paris,EUR
BIO-UV GROUP,FR0013345493,ALTUV,Euronext Growth Paris,EUR
BIOCARTIS,BE0974281132,BCART,Euronext Brussels,EUR
BIOCORP,FR0012788065,ALCOR,Euronext Growth Paris,EUR
BIOFISH HOLDING,NO0010955198,BFISH,Euronext Growth Oslo,NOK
BIOMERIEUX,FR0013280286,BIM,Euronext Paris,EUR
BIOPHYTIS,FR0012816825,ALBPS,Euronext Growth Paris,EUR
BIOPHYTIS BSA,FR0013507290,BPSBS,Euronext Growth Paris,EUR
BIOSYNEX,FR0011005933,ALBIO,Euronext Growth Paris,EUR
BIOTALYS,BE0974386188,BTLS,Euronext Brussels,EUR
BIP INV. PARTNERS,LU0110790085,-,Euronext Expert Market,EUR
BLACK SEA PROPERTY,NO0010755101,BSP,Euronext Growth Oslo,NOK
BLEECKER,FR0000062150,BLEE,Euronext Paris,EUR
BLUE SHARK POWER,FR0013340973,MLBSP,Euronext Access Paris,EUR
BLUELINEA,FR0011041011,ALBLU,Euronext Growth Paris,EUR
BLUELINEA BSA Y,FR0013480985,BLUBT,Euronext Growth Paris,EUR
BNP PARIBAS ACT.A,FR0000131104,BNP,Euronext Paris,EUR
BNP PARIBAS FORTIS,BE0172505399,-,Euronext Expert Market,EUR
BOA CONCEPT,FR0011365907,ALBOA,Euronext Growth Paris,EUR
BODY ONE,FR0010106039,MLONE,Euronext Access Paris,EUR
BOEING COMPANY,US0970231058,BOEI,Traded not listed Brussels,USD
BOIRON,FR0000061129,BOI,Euronext Paris,EUR
BOIS DU LUC,BE0156880313,-,Euronext Expert Market,EUR
BOIS DU LUC 10E,BE0156881329,-,Euronext Expert Market,EUR
BOLLORE,FR0000039299,BOL,Euronext Paris,EUR
BONDUELLE,FR0000063935,BON,Euronext Paris,EUR
BONE THERAPEUTICS,BE0974280126,BOTHE,Euronext Brussels,
BONHEUR,NO0003110603,BONHR,Oslo Børs,NOK
BOOSTHEAT,FR0011814938,ALBOO,Euronext Growth Paris,EUR
BORGESTAD,NO0003111700,BOR,Oslo Børs,NOK
BORR DRILLING,BMG1466R1732,BORR,Oslo Børs,NOK
BORREGAARD,NO0010657505,BRG,Oslo Børs,NOK
BOSKALIS WESTMIN,NL0000852580,BOKA,Euronext Amsterdam,EUR
BOUFFIOULX-St-NICO,BE0014799556,-,Euronext Expert Market,EUR
BOURRELIER GROUP,FR0000054421,ALBOU,Euronext Growth Paris,EUR
BOURSE DIRECT,FR0000074254,BSD,Euronext Paris,EUR
BOUSSARD GAVAUDAN,GG00B1FQG453,BGHL,Euronext Amsterdam,EUR
BOUSSARD GHL GBP,GG00B39VMM07,BGHS,Euronext Amsterdam,GBP
BOUVET,NO0010360266,BOUV,Oslo Børs,NOK
BOUYGUES,FR0000120503,EN,Euronext Paris,EUR
BOUYGUES NV22,FR0014006U75,ENNV,Euronext Paris,EUR
BPOST,BE0974268972,BPOST,Euronext Brussels,EUR
BQUE NAT. BELGIQUE,BE0003008019,BNB,Euronext Brussels,EUR
BRABANK,NO0010167331,BRA,Euronext Growth Oslo,NOK
BREDERODE,LU1068091351,BREB,Euronext Brussels,EUR
BRIGADE M3 SHA,KYG137071075,BACE,Euronext Amsterdam,USD
BRIGADE M3 UNITS,KYG137071158,BACEU,Euronext Amsterdam,USD
BRIGADE M3 WARR,KYG137071232,BACEW,Euronext Amsterdam,USD
BRILL KON,NL0000442523,BRILL,Euronext Amsterdam,EUR
BROUX-KIGGEN,BE6326475389,-,Euronext Expert Market,EUR
BRUNEL INTERNAT,NL0010776944,BRNL,Euronext Amsterdam,EUR
BUREAU VERITAS,FR0006174348,BVI,Euronext Paris,EUR
BURELLE,FR0000061137,BUR,Euronext Paris,EUR
BW ENERGY LIMITED,BMG0702P1086,BWE,Oslo Børs,NOK
BW Epic Kosan,SGXZ80461361,BWEK,Euronext Growth Oslo,NOK
BW IDEOL,NO0010947385,BWIDL,Euronext Growth Oslo,NOK
BW LPG,BMG173841013,BWLPG,Oslo Børs,NOK
BW OFFSHORE LTD,BMG1738J1247,BWO,Oslo Børs,NOK
BYGGMA,NO0003087603,BMA,Oslo Børs,NOK
CA TOULOUSE 31 CCI,FR0000045544,CAT31,Euronext Paris,EUR
CABASSE GROUP,FR0013530102,ALCG,Euronext Growth Paris,EUR
CADELER,DK0061412772,CADLR,Oslo Børs,NOK
CAFOM,FR0010151589,CAFO,Euronext Paris,EUR
CAIRE,FR0010781377,MLAAE,Euronext Access Paris,EUR
CAIRN HOMES PLC,IE00BWY4ZF18,C5H,Euronext Dublin,EUR
CAMBI,NO0010078850,CAMBI,Euronext Growth Oslo,NOK
CAMBODGE NOM.,FR0000079659,CBDG,Euronext Paris,EUR
CAMPINE,BE0003825420,CAMB,Euronext Brussels,EUR
CANDELA INVEST,BE0974298300,CAND,Euronext Growth Brussels,EUR
CANOPY HOLDINGS,NO0010781560,CAN,Euronext Growth Oslo,NOK
CAPELLI,FR0012969095,CAPLI,Euronext Paris,EUR
CAPGEMINI,FR0000125338,CAP,Euronext Paris,EUR
CARASENT,NO0010123060,CARA,Oslo Børs,NOK
CARBIOS,FR0011648716,ALCRB,Euronext Growth Paris,EUR
CARBON TRANSITION,NO0010778095,CARBN,Euronext Expand Oslo,NOK
CARE PROPERTY INV.,BE0974273055,CPINV,Euronext Brussels,EUR
CARMAT,FR0010907956,ALCAR,Euronext Growth Paris,EUR
CARMILA,FR0010828137,CARM,Euronext Paris,EUR
CARPINIENNE PART.,FR0000064156,CARP,Euronext Paris,EUR
CARREFOUR,FR0000120172,CA,Euronext Paris,EUR
CASINO GUICHARD,FR0000125585,CO,Euronext Paris,EUR
CAST,FR0000072894,CAS,Euronext Paris,EUR
CATANA GROUP,FR0010193052,CATG,Euronext Paris,EUR
CATERING INTL SCES,FR0000064446,CTRG,Euronext Paris,EUR
CATERPILLAR INC,US1491231015,CATR,Euronext Paris,EUR
CBI,FR0014007LW0,ALCBI,Euronext Growth Paris,EUR
CBO TERRITORIA,FR0010193979,CBOT,Euronext Paris,EUR
CBRE H2O,NL0012237614,-,Euronext Expert Market,EUR
CECURITY.COM,FR0010717579,MLCEC,Euronext Access Paris,EUR
CEGEDIM,FR0000053506,CGM,Euronext Paris,EUR
CELLECTIS,FR0010425595,ALCLS,Euronext Growth Paris,EUR
CELYAD ONCOLOGY,BE0974260896,CYAD,Euronext Brussels,
CENERGY,BE0974303357,CENER,Euronext Brussels,EUR
CERINNOV GROUP,FR0013178712,ALPCV,Euronext Growth Paris,EUR
CESAR,FR0013297165,ALCES,Euronext Growth Paris,EUR
CESYNT A SHARES,IT0005402034,MLCSA,Euronext Access Paris,EUR
CESYNT B SHARES,IT0005398877,MLCSB,Euronext Access Paris,EUR
CFE,BE0003883031,CFEB,Euronext Brussels,EUR
CFI,FR0000037475,CFI,Euronext Paris,EUR
CFM INDOSUEZWEALTH,MC0010000826,MLCFM,Euronext Access Paris,EUR
CGG,FR0013181864,CGG,Euronext Paris,EUR
CGG BSA 1,FR0013309614,CGGBS,Euronext Paris,EUR
CGG BSA 2,FR0013309622,CGGBT,Euronext Paris,EUR
CH.FER DEPARTEMENT,FR0000037871,MLCFD,Euronext Access Paris,EUR
CH.FER VAR GARD N.,FR0000051567,MLCVG,Euronext Access Paris,EUR
CHARB BONNIER,BE0010381029,-,Euronext Expert Market,EUR
CHARB. HASARD,BE0003256550,-,Euronext Expert Market,EUR
CHARGEURS,FR0000130692,CRI,Euronext Paris,EUR
CHAUSSERIA,FR0000060907,CHSR,Euronext Paris,EUR
CHEOPS TECHNOLOGY,FR0010447086,MLCHE,Euronext Access Paris,EUR
CHEVRON,US1667641005,CHTEX,Traded not listed Brussels,USD
CHOICE,BE0974370026,MLTV,Euronext Access Brussels,EUR
CHRISTIAN DIOR,FR0000130403,CDI,Euronext Paris,EUR
CIBIX,BE0003706208,-,Euronext Expert Market,EUR
CIBOX INTER A CTIV,FR0000054322,CIB,Euronext Paris,EUR
CIE BOIS SAUVAGE,BE0003592038,COMB,Euronext Brussels,EUR
CIE DU MONT BLANC,FR0000060428,MLCMB,Euronext Access Paris,EUR
Cie HET ZOUTE,BE0027840017,-,Euronext Expert Market,EUR
CIOA,FR0012384907,MLCIO,Euronext Access Paris,EUR
CIRCA GROUP,NO0010917594,CIRCA,Euronext Growth Oslo,NOK
CISCO SYSTEM INC,US17275R1023,CIS,Traded not listed Brussels,USD
CKV,BE0021556221,-,Euronext Expert Market,EUR
CLARANOVA,FR0013426004,CLA,Euronext Paris,EUR
CLASQUIN,FR0004152882,ALCLA,Euronext Growth Paris,EUR
CLEAN SEAS SEAFOOD,AU000000CSS3,CSS,Euronext Growth Oslo,NOK
CLOUDBERRY CLEAN,NO0010876642,CLOUD,Oslo Børs,NOK
CM.COM,NL0012747059,CMCOM,Euronext Amsterdam,EUR
CNIM GROUP,FR0000053399,COM,Euronext Paris,EUR
CNOVA,NL0010949392,CNV,Euronext Paris,EUR
CNP ASSURANCES,FR0000120222,CNP,Euronext Paris,EUR
CO.BR.HA,BE0003519270,COBH,Euronext Growth Brussels,EUR
CO2 CAPSOL,NO0010923121,CAPSL,Euronext Growth Oslo,NOK
Coca-ColaEuropacif,GB00BDCPN049,CCEP,Euronext Amsterdam,EUR
COFACE,FR0010667147,COFA,Euronext Paris,EUR
COFIDUR,FR0013257409,ALCOF,Euronext Growth Paris,EUR
COFINA,,,,
COFINIMMO,BE0003593044,COFB,Euronext Brussels,EUR
COGELEC,FR0013335742,ALLEC,Euronext Growth Paris,EUR
COGRA,FR0011071570,ALCOG,Euronext Growth Paris,EUR
COHERIS,FR0004031763,COH,Euronext Paris,EUR
COIL,BE0160342011,ALCOI,Euronext Growth Paris,EUR
COLAS,FR0000121634,RE,Euronext Paris,EUR
COLIPAYS,FR0010959684,MLCLP,Euronext Access Paris,EUR
COLRUYT,BE0974256852,COLR,Euronext Brussels,EUR
COMMERCIALE BELGE,BE0013068706,-,Euronext Expert Market,EUR
COMPAGNIE ODET,FR0000062234,ODET,Euronext Paris,EUR
CONDOR TECHNOLOG,BE6252013725,MLMFI,Euronext Access Paris,EUR
CONDURIL,PTCDU0AE0003,CDU,Euronext Access Lisbon,EUR
CONSORT NT,FR0000077828,MLCNT,Euronext Access Paris,EUR
CONSTRUCTEURS BOIS,FR00140007I9,MLLCB,Euronext Access Paris,EUR
CONTEXTVISION,SE0014731154,CONTX,Oslo Børs,NOK
CONTINENT. LAND CY,NL0000121622,-,Euronext Expert Market,EUR
COPAM,PTCPA0AP0006,CPA,Euronext Access Lisbon,EUR
CORBION,NL0010583399,CRBN,Euronext Amsterdam,EUR
CORE LABORATORIES,NL0000200384,CLB,Euronext Amsterdam,EUR
COREP LIGHTING,FR0010035816,MLCOR,Euronext Access Paris,EUR
CORRE ENERGY B.V.,NL0015000DY3,CORRE,Euronext Growth Dublin,EUR
CORTICEIRA AMORIM,PTCOR0AE0006,COR,Euronext Lisbon,EUR
COURBET,FR0004998318,MLCOU,Euronext Access Paris,EUR
COURTOIS,FR0000065393,COUR,Euronext Paris,EUR
COVIVIO,FR0000064578,COV,Euronext Paris,EUR
COVIVIO HOTELS,FR0000060303,COVH,Euronext Paris,EUR
CP 76 PETROFINA,BE0099150162,-,Euronext Expert Market,EUR
CP 79 PETROFINA,BE0099395676,-,Euronext Expert Market,EUR
CRAYON GROUP HOLD,NO0010808892,CRAYN,Oslo Børs,NOK
CRCAM ALP.PROV.CCI,FR0000044323,CRAP,Euronext Paris,EUR
CRCAM ATL.VEND.CCI,FR0000185506,CRAV,Euronext Paris,EUR
CRCAM BRIE PIC2CCI,FR0010483768,CRBP2,Euronext Paris,EUR
CRCAM ILLE-VIL.CCI,FR0000045213,CIV,Euronext Paris,EUR
CRCAM LANGUED CCI,FR0010461053,CRLA,Euronext Paris,EUR
CRCAM LOIRE HTE L.,FR0000045239,CRLO,Euronext Paris,EUR
CRCAM MORBIHAN CCI,FR0000045551,CMO,Euronext Paris,EUR
CRCAM NORD CCI,FR0000185514,CNF,Euronext Paris,EUR
CRCAM NORM.SEINE,FR0000044364,CCN,Euronext Paris,EUR
CRCAM PARIS ET IDF,FR0000045528,CAF,Euronext Paris,EUR
CRCAM SUD R.A.CCI,FR0000045346,CRSU,Euronext Paris,EUR
CRCAM TOURAINE CCI,FR0000045304,CRTO,Euronext Paris,EUR
CREDIMO,BE0015460372,-,Euronext Expert Market,EUR
CREDIMO HOLDING,BE0162868054,-,Euronext Expert Market,EUR
CREDIT AGRICOLE,FR0000045072,ACA,Euronext Paris,EUR
CRESCENT,BE0003836534,OPTI,Euronext Brussels,EUR
CRH PLC 5PCCumPref,IE0001827264,DD8A,Euronext Dublin,EUR
CRH PLC 7PCCumPref,IE0001827603,DD8B,Euronext Dublin,EUR
CRH PLC ord,IE0001827041,CRG,Euronext Dublin,EUR
CROSSJECT,FR0011716265,ALCJ,Euronext Growth Paris,EUR
CROSSJECT BS,FR0014007HU2,CJBS,Euronext Growth Paris,EUR
CROSSWOOD,FR0000050395,CROS,Euronext Paris,EUR
CRYSTAL PEAK SHARE,KYG2581M1078,CPA1,Euronext Amsterdam,USD
CRYSTAL PEAK WAR,KYG2581M1151,CPA1W,Euronext Amsterdam,USD
CS BRUX,BE0010566900,-,Euronext Expert Market,EUR
CS GROUP.,FR0007317813,SX,Euronext Paris,EUR
CSAM HEALTH GROUP,NO0010894512,CSAM,Euronext Growth Oslo,NOK
CTAC,NL0000345577,CTAC,Euronext Amsterdam,EUR
CTC ORD SHARES,NL0015000DC9,CTCA1,Euronext Amsterdam,EUR
CTC TREAS SHARES,NL0015000F09,CTCT1,Euronext Amsterdam,EUR
CTC WARRANTS,NL0015000DD7,CTCW1,Euronext Amsterdam,EUR
CTP,NL00150006R6,CTPNV,Euronext Amsterdam,EUR
CTT CORREIOS PORT,PTCTT0AM0001,CTT,Euronext Lisbon,EUR
CUMULEX,BE0003463685,CLEX,Euronext Brussels,EUR
CUMULEX (ben/win),BE0010026350,-,Euronext Expert Market,EUR
CYBERGUN,FR0014004QR6,ALCYB,Euronext Growth Paris,EUR
CYBERGUN BSA 2,FR0013340817,CYBBT,Euronext Growth Paris,EUR
CYBERGUN BSA K1,FR0013507977,CYBK1,Euronext Growth Paris,EUR
CYBERGUN BSA K2A,FR0013507985,CYBKA,Euronext Growth Paris,EUR
CYBERGUN BSA K2B,FR0013508009,CYBKB,Euronext Growth Paris,EUR
CYVIZ,NO0010015175,CYVIZ,Euronext Growth Oslo,NOK
D'IETEREN GROUP,BE0974259880,DIE,Euronext Brussels,EUR
D.L.S.I.,FR0010404368,ALDLS,Euronext Growth Paris,EUR
DALATA HOTEL GP.,IE00BJMZDW83,DHG,Euronext Dublin,EUR
DAMARIS,FR0000077885,MLDAM,Euronext Access Paris,EUR
DAMARTEX,FR0000185423,ALDAR,Euronext Growth Paris,EUR
DANONE,FR0000120644,BN,Euronext Paris,EUR
DASSAULT AVIATION,FR0014004L86,AM,Euronext Paris,EUR
DASSAULT SYS NV22,FR00140078T7,DSYNV,Euronext Paris,EUR
DASSAULT SYSTEMES,FR0014003TT8,DSY,Euronext Paris,EUR
DATALEX PLC,IE0000527006,DLE,Euronext Growth Dublin,EUR
DBT,FR0013066750,ALDBT,Euronext Growth Paris,EUR
DBV TECHNOLOGIES,FR0010417345,DBV,Euronext Paris,EUR
DECEUNINCK,BE0003789063,DECB,Euronext Brussels,EUR
DEE TECH SHARES,FR0014003G01,DEE,Euronext Paris,EUR
DEE TECH WARRANTS,FR0014003G19,DEEW,Euronext Paris,EUR
DEEP VALUE DRILLER,NO0010955917,DVD,Euronext Growth Oslo,NOK
DEINOVE,FR0010879056,ALDEI,Euronext Growth Paris,EUR
DEKUPLE,FR0000062978,DKUPL,Euronext Paris,EUR
DELFINGEN,FR0000054132,ALDEL,Euronext Growth Paris,EUR
DELTA DRONE,FR0011522168,ALDR,Euronext Growth Paris,EUR
DELTA DRONE BSA Y,FR0013400991,ALDBY,Euronext Growth Paris,EUR
DELTA PLUS GROUP,FR0013283108,ALDLT,Euronext Growth Paris,EUR
DERICHEBOURG,FR0000053381,DBG,Euronext Paris,EUR
DESERT CONTROL,NO0010963275,DSRT,Euronext Growth Oslo,NOK
DESIGN YOUR HOME,SE0007045380,MLDYH,Euronext Access Paris,EUR
DEUTSCHE TELEKOM,DE0005557508,DTEL,Traded not listed Brussels,EUR
DEVERNOIS,FR0000060840,ALDEV,Euronext Growth Paris,EUR
DEXIA,BE0974290224,DEXB,Euronext Expert Market,EUR
DGB GROUP N.V.,NL0009169515,DGB,Euronext Amsterdam,EUR
DIAGEO,GB0002374006,DGE,Euronext Paris,EUR
DIAGEO PLC,GB0002374006,GUI1,Euronext Dublin,EUR
DIAGNOSTIC MEDICAL,FR0012202497,DGM,Euronext Paris,EUR
DIEGEM KENNEDYCERT,BE0003698124,DIEG,Euronext Brussels,EUR
DIERK. ANTWERP.,BE0036367895,-,Euronext Expert Market,EUR
DIERKUNDE ANTW,BE0026342551,-,Euronext Expert Market,EUR
DISRUPTIVE CAP SHA,GG00BMB5XZ39,DCACS,Euronext Amsterdam,GBP
DISRUPTIVE CAP WAR,GG00BMB5XY22,DCACW,Euronext Amsterdam,GBP
DISTRI-LAND CERT,BE0003605160,DISL,Euronext Brussels,EUR
DLT,NO0003055808,DLTX,Oslo Børs,NOK
DMS IMAGING,BE0974289218,DMSIM,Euronext Brussels,
DNB BANK,NO0010161896,DNB,Oslo Børs,NOK
DNO,NO0003921009,DNO,Oslo Børs,NOK
DNXCORP,FR0010436584,ALDNX,Euronext Growth Paris,EUR
DOCK.PETR.AMBES AM,FR0000065260,DPAM,Euronext Paris,EUR
DOF,NO0010070063,DOF,Oslo Børs,NOK
DOLFINES,FR0014004QZ9,ALDOL,Euronext Growth Paris,EUR
DONEGAL INVESTMENT,IE00BLRPQQ22,DQ7A,Euronext Growth Dublin,EUR
DONTNOD,FR0013331212,ALDNE,Euronext Growth Paris,EUR
DPA GROUP,NL0009197771,DPA,Euronext Amsterdam,EUR
DRONE VOLT,FR0013088606,ALDRV,Euronext Growth Paris,EUR
DRONE VOLT BS26,FR0014007951,BNBS,Euronext Growth Paris,EUR
DSC2,NL00150000S7,DSC2,Euronext Amsterdam,EUR
DSC2 TREAS SHARES,NL00150002R5,DSC2S,Euronext Amsterdam,EUR
DSM KON,NL0000009827,DSM,Euronext Amsterdam,EUR
DUTCH STAR C W11,NL00150000T5,DSCW1,Euronext Amsterdam,EUR
DUTCH STAR C W12,NL00150000U3,DSCW2,Euronext Amsterdam,EUR
DUTCH STAR C W13,NL00150000V1,DSCW3,Euronext Amsterdam,EUR
DYNAFOND,FR0000052920,MLDYN,Euronext Access Paris,EUR
DYNEX ENERGY SA,LU0881232630,MLDYX,Euronext Access Paris,EUR
E PANGO,FR0014004339,ALAGO,Euronext Growth Paris,EUR
E.ON SE,DE000ENAG999,EON,Traded not listed Brussels,EUR
EAM SOLAR,NO0010607781,EAM,Euronext Expand Oslo,NOK
EASE2PAY NV,NL0000345627,EAS2P,Euronext Amsterdam,EUR
EASSON HOLDINGS,HK0000038783,MLEAS,Euronext Access Paris,EUR
EAUX DE ROYAN,FR0007200100,MLEDR,Euronext Access Paris,EUR
EAVS,FR0010536185,MLEAV,Euronext Access Paris,EUR
EBUSCO HOLDING,NL0015000CZ2,EBUS,Euronext Amsterdam,EUR
ECFC,BE0003783975,-,Euronext Expert Market,EUR
ECIT AS B-AKSJER,NO0010939804,ECIT,Euronext Growth Oslo,NOK
ECOLUTIONS,DE000A0XYM45,MLECO,Euronext Access Paris,EUR
ECOMIAM,FR0013534617,ALECO,Euronext Growth Paris,EUR
ECONOCOM GROUP,BE0974313455,ECONB,Euronext Brussels,EUR
ECOONLINE HOLDING,NO0010936891,ECO,Euronext Growth Oslo,NOK
ECOSLOPS,FR0011490648,ALESA,Euronext Growth Paris,EUR
EDDA WIND,NO0010998529,EWIND,Oslo Børs,NOK
EDENRED,FR0010908533,EDEN,Euronext Paris,EUR
EDF,FR0010242511,EDF,Euronext Paris,EUR
EDILIZIACROBATICA,IT0005351504,ALEAC,Euronext Growth Paris,EUR
EDITIONS DU SIGNE,FR0000052755,MLEDS,Euronext Access Paris,EUR
EDP,PTEDP0AM0009,EDP,Euronext Lisbon,EUR
EDP RENOVAVEIS,ES0127797019,EDPR,Euronext Lisbon,EUR
EDUNIVERSAL,FR0010439265,MLEDU,Euronext Access Paris,EUR
EES,FR0010945733,MLEES,Euronext Access Paris,EUR
EGIDE,FR0000072373,GID,Euronext Paris,EUR
EHC ORD SHARES,NL0015000K10,EHCS,Euronext Amsterdam,EUR
EHC TREAS SHARES,NL0015000K02,EHCT,Euronext Amsterdam,EUR
EHC WARRANTS,NL0015000K28,EHCW,Euronext Amsterdam,EUR
EIDESVIK OFFSHORE,NO0010263023,EIOF,Oslo Børs,NOK
EIFFAGE,FR0000130452,FGR,Euronext Paris,EUR
EKINOPS,FR0011466069,EKI,Euronext Paris,EUR
EKOPAK,BE0974380124,EKOP,Euronext Brussels,EUR
ELEC.STRASBOURG,FR0000031023,ELEC,Euronext Paris,EUR
ELECT. MADAGASCAR,FR0000035719,EEM,Euronext Paris,EUR
ELECTROMAGNET GEO,NO0010358484,EMGS,Oslo Børs,NOK
ELEKTROIMPORTØREN,NO0010911902,ELIMP,Euronext Growth Oslo,NOK
ELIA GROUP,BE0003822393,ELI,Euronext Brussels,EUR
ELIOR GROUP,FR0011950732,ELIOR,Euronext Paris,EUR
ELIS,FR0012435121,ELIS,Euronext Paris,EUR
ELKEM,NO0010816093,ELK,Oslo Børs,NOK
ELLIPTIC LABORATOR,NO0010722283,ELABS,Euronext Growth Oslo,NOK
ELOP,NO0010864036,ELOP,Euronext Growth Oslo,NOK
ELOPAK,NO0011002586,ELO,Oslo Børs,NOK
EMD MUSIC,BE0003849669,EMD,Euronext Expert Market,EUR
EMOVA GROUP,FR0013356755,ALEMV,Euronext Growth Paris,EUR
EMULATION,BE0024644065,-,Euronext Expert Market,EUR
ENCRES DUBUIT,FR0004030708,ALDUB,Euronext Growth Paris,EUR
ENDÚR,NO0010379779,ENDUR,Oslo Børs,NOK
ENENSYS,FR0013330792,ALNN6,Euronext Growth Paris,EUR
ENERGISME,FR0013399359,ALNRG,Euronext Growth Paris,EUR
ENERTIME,FR0011915339,ALENE,Euronext Growth Paris,EUR
ENGAGE XR HOLDINGS,IE00BG0HDR01,EXR,Euronext Growth Dublin,EUR
ENGIE,FR0010208488,ENGI,Euronext Paris,
ENI,IT0003132476,ENI,Traded not listed Brussels,EUR
ENOGIA,FR0014004974,ALENO,Euronext Growth Paris,EUR
ENSURGE MICROPOWER,NO0010299068,ENSU,Oslo Børs,NOK
ENTECH,FR0014004362,ALESE,Euronext Growth Paris,EUR
ENTP ORD SHARES,NL0015000F82,ENTPA,Euronext Amsterdam,EUR
ENTP TREAS SHARES,NL0015000F90,ENTPT,Euronext Amsterdam,EUR
ENTP WARRANTS,NL0015000FD2,ENTPW,Euronext Amsterdam,EUR
ENTRA,NO0010716418,ENTRA,Oslo Børs,NOK
ENTREPARTICULIERS,FR0010424697,ALENT,Euronext Growth Paris,EUR
ENTREPRENDRE,FR0000045122,ALENR,Euronext Growth Paris,EUR
ENVEA,FR0010278762,ALTEV,Euronext Growth Paris,EUR
ENVIPCO,NL0015000GX8,ENVI,Euronext Amsterdam,EUR
ENVIPCO HOLDING,NL0015000GX8,ENVIP,Euronext Growth Oslo,NOK
EO2,FR0010465534,ALEO2,Euronext Growth Paris,EUR
EPIC Ord Shares,KYG3166N1060,EPIC,Euronext Amsterdam,EUR
EPIC WARRANTS,KYG3166N1144,EPICW,Euronext Amsterdam,EUR
EQUINOR,NO0010096985,EQNR,Oslo Børs,NOK
EQUITY BCDC,CG000A0BKQF7,-,Euronext Expert Market,EUR
ERAMET,FR0000131757,ERA,Euronext Paris,EUR
ERYTECH PHARMA,FR0011471135,ERYP,Euronext Paris,EUR
ESG CORE INVEST,NL00150006O3,ESG,Euronext Amsterdam,EUR
ESG CORE TREAS SHA,NL00150006Q8,ESGT,Euronext Amsterdam,EUR
ESG CORE WARRANTS,NL00150006P0,ESGWA,Euronext Amsterdam,EUR
ESI GROUP,FR0004110310,ESI,Euronext Paris,EUR
ESKER,FR0000035818,ALESK,Euronext Growth Paris,EUR
ESPERITE,NL0009272137,ESP,Euronext Amsterdam,
ESSILORLUXOTTICA,FR0000121667,EL,Euronext Paris,EUR
ESSO,FR0000120669,ES,Euronext Paris,EUR
ESTORIL SOL N,PTESO0AM0000,ESON,Euronext Lisbon,EUR
ETEX,BE0941244536,-,Euronext Expert Market,EUR
EUPEN FINANZ,BE0049483135,-,Euronext Expert Market,EUR
EURASIA FONC INV,FR0000061475,EFI,Euronext Paris,EUR
EURASIA GROUPE,FR0010844001,ALEUA,Euronext Growth Paris,EUR
EURAZEO,FR0000121121,RF,Euronext Paris,EUR
EURO RESSOURCES,FR0000054678,EUR,Euronext Paris,EUR
EUROBIO-SCIENTIFIC,FR0013240934,ALERS,Euronext Growth Paris,EUR
EUROCASTLE INVEST.,GB00B94QM994,ECT,Euronext Amsterdam,EUR
EUROCOMMERCIAL,NL0015000K93,ECMPA,Euronext Amsterdam,
EUROFINS CEREP,FR0013256518,ALECR,Euronext Growth Paris,EUR
EUROFINS SCIE NV22,FR0014006O73,ERFNV,Euronext Paris,EUR
EUROFINS SCIENT.,FR0014000MR3,ERF,Euronext Paris,EUR
EUROLAND CORPORATE,FR0010157115,MLERO,Euronext Access Paris,EUR
EUROLOG CANOLA,ES0105586004,MLCAN,Euronext Access Paris,EUR
EUROMEDIS GROUPE,FR0000075343,ALEMG,Euronext Growth Paris,EUR
EURONAV,BE0003816338,EURN,Euronext Brussels,EUR
EURONEXT,NL0006294274,ENX,Euronext Paris,
EURONEXT,NL0006294274,ENXP,Euronext Lisbon,EUR
EUROPACORP,FR0010490920,ALECP,Euronext Growth Paris,EUR
EUROPCAR MOBILITY,FR0012789949,EUCAR,Euronext Paris,EUR
EUROPLASMA,FR0013514114,ALEUP,Euronext Growth Paris,EUR
EUROPRIS,NO0010735343,EPR,Oslo Børs,NOK
EUTELSAT COMMUNIC.,FR0010221234,ETL,Euronext Paris,EUR
EVERFUEL,DK0061414711,EFUEL,Euronext Growth Oslo,NOK
EVERGREEN,FR0000035784,EGR,Euronext Paris,EUR
EVERSET,FR0000044745,MLEVE,Euronext Access Paris,EUR
EVOLIS,FR0004166197,ALTVO,Euronext Growth Paris,EUR
EVS BROADC.EQUIPM.,BE0003820371,EVS,Euronext Brussels,EUR
EXACOMPTA CLAIREF.,FR0000064164,ALEXA,Euronext Growth Paris,EUR
EXACT THERAPEUTICS,NO0010852213,EXTX,Euronext Growth Oslo,NOK
EXCLUSIVE NETWORKS,FR0014005DA7,EXN,Euronext Paris,EUR
EXEL INDUSTRIES,FR0004527638,EXE,Euronext Paris,EUR
EXMAR,BE0003808251,EXM,Euronext Brussels,EUR
EXPLOSIFS PROD.CHI,FR0014003AQ4,EXPL,Euronext Paris,EUR
FACEPHI,ES0105029005,ALPHI,Euronext Growth Paris,EUR
FAGRON,BE0003874915,FAGR,Euronext Brussels,
FAIFEY INVEST,ES0105553004,MLECE,Euronext Access Paris,EUR
FARMINVESTE,PTFNV1AM0002,MLFMV,Euronext Access Lisbon,EUR
FASHION B AIR,FR0004034593,ALFBA,Euronext Growth Paris,EUR
FASTNED,NL0013654809,FAST,Euronext Amsterdam,EUR
FAURECIA,FR0000121147,EO,Euronext Paris,EUR
FAUVET GIREL,FR0000063034,FAUV,Euronext Paris,EUR
FAYENC.SARREGUEMI.,FR0000031973,FAYE,Euronext Paris,EUR
FBD HOLDINGS PLC,IE0003290289,EG7,Euronext Dublin,EUR
FD,FR0012300424,MLFDV,Euronext Access Paris,EUR
FD TECHNOLOGIES,GB0031477770,GYQ,Euronext Growth Dublin,EUR
FDJ,FR0013451333,FDJ,Euronext Paris,EUR
FERM.CAS.MUN.CANNE,FR0000062101,FCMC,Euronext Paris,EUR
FERMENTALG,FR0011271600,FALG,Euronext Paris,EUR
FI BELGO-TUNISIENN,BE0011238830,-,Euronext Expert Market,EUR
FIDUCIAL OFF.SOL.,FR0000061418,SACI,Euronext Paris,EUR
FIDUCIAL REAL EST.,FR0000060535,ORIA,Euronext Paris,EUR
FIGEAC AERO,FR0011665280,FGA,Euronext Paris,EUR
FIMMOBEL,BE0945246784,-,Euronext Expert Market,EUR
FIN.ETANG BERRE,FR0000062341,BERR,Euronext Paris,EUR
FIN.ETANG BERRE PF,FR0000062507,EBPF,Euronext Paris,EUR
FIN.OUEST AFRICAIN,SN0000033192,FOAF,Euronext Paris,EUR
FINANCIERE MARJOS,FR0000060824,FINM,Euronext Paris,EUR
FINASUCRE,BE0012544319,-,Euronext Expert Market,EUR
FINATIS,FR0000035123,FNTS,Euronext Paris,EUR
FINAXO,FR0010487272,MLFXO,Euronext Access Paris,EUR
FIPP,FR0000038184,FIPP,Euronext Paris,EUR
FIRSTCAUTION,CH0120879058,MLFIR,Euronext Access Paris,EUR
FJORDKRAFT HOLDING,NO0010815673,FKRFT,Oslo Børs,NOK
FLEURY MICHON,FR0000074759,ALFLE,Euronext Growth Paris,EUR
FLEX LNG,BMG359472021,FLNG,Oslo Børs,NOK
FLEXDEAL,PTFXD0AM0018,FLEXD,Euronext Lisbon,EUR
FLORIDIENNE,BE0003215143,FLOB,Euronext Brussels,EUR
FLOW TRADERS,NL0011279492,FLOW,Euronext Amsterdam,EUR
FLOWSPARKS,BE0003847648,UNI,Euronext Access Brussels,EUR
FLUTTER ENTERTAIN,IE00BWT6H894,FLTR,Euronext Dublin,EUR
FLUXYS BELGIUM D,BE0974265945,FLUX,Euronext Brussels,EUR
FLYR,NO0010931900,FLYR,Euronext Growth Oslo,NOK
FNAC DARTY,FR0011476928,FNAC,Euronext Paris,EUR
FNG NV,BE0974332646,FNG,Euronext Brussels,
FNPTECHNOLOGIESSA,FR0013230067,MLFNP,Euronext Access Paris,EUR
FOCUS HOME INT,FR0012419307,ALFOC,Euronext Growth Paris,EUR
FONCIERE 7 INVEST,FR0000065930,LEBL,Euronext Paris,EUR
FONCIERE ATLAND,FR0013455482,FATL,Euronext Paris,EUR
FONCIERE EURIS,FR0000038499,EURS,Euronext Paris,EUR
FONCIERE INEA,FR0010341032,INEA,Euronext Paris,EUR
FONCIERE LYONNAISE,FR0000033409,FLY,Euronext Paris,EUR
FONCIERE VINDI,FR0011605617,MLVIN,Euronext Access Paris,EUR
FONCIERE VOLTA,FR0000053944,SPEL,Euronext Paris,EUR
FOOT LOCKER,US3448491049,FOOTL,Traded not listed Brussels,USD
FORESTIERE EQUAT.,CI0000053161,FORE,Euronext Paris,EUR
FORFARMERS,NL0011832811,FFARM,Euronext Amsterdam,EUR
FORSEE POWER,FR0014005SB3,FORSE,Euronext Paris,EUR
FOUNTAIN,BE0003752665,FOU,Euronext Brussels,EUR
FOUNTAINE PAJOT,FR0010485268,ALFPC,Euronext Growth Paris,EUR
FOYER,NSCEX0000018,-,Euronext Expert Market,EUR
FRANCAISE ENERGIE,FR0013030152,FDE,Euronext Paris,EUR
FRANCE SOIR GROUPE,FR0013222346,MLFSG,Euronext Access Paris,EUR
FRANCE TOURISME,FR0010823724,MLFTI,Euronext Access Paris,EUR
FREELANCE.COM,FR0004187367,ALFRE,Euronext Growth Paris,EUR
FREY,FR0010588079,FREY,Euronext Paris,EUR
FROID INVEST,BE6326486493,-,Euronext Expert Market,EUR
FRONTLINE,BMG3682E1921,FRO,Oslo Børs,NOK
FRØY,NO0010936792,FROY,Oslo Børs,NOK
FUGRO,NL00150003E1,FUR,Euronext Amsterdam,EUR
FUT.CLUBE PORTO,PTFCP0AM0008,FCP,Euronext Lisbon,EUR
G.A.I.,FR0000053415,MLGAI,Euronext Access Paris,EUR
GALAPAGOS,BE0003818359,GLPG,Euronext Amsterdam,
GALEO,FR0011100759,MLGAL,Euronext Access Paris,EUR
GALIMMO,FR0000030611,GALIM,Euronext Paris,EUR
GALP ENERGIA-NOM,PTGAL0AM0009,GALP,Euronext Lisbon,EUR
GAMING INNOVATION,US36467X2062,GIG,Oslo Børs,NOK
GASCOGNE,FR0000124414,ALBI,Euronext Growth Paris,EUR
GAUMONT,FR0000034894,GAM,Euronext Paris,EUR
GAUSSIN,FR0013495298,ALGAU,Euronext Growth Paris,EUR
GBL,BE0003797140,GBLB,Euronext Brussels,EUR
GC RIEBER SHIPPING,NO0010262686,RISH,Oslo Børs,NOK
GEA GRENOBL.ELECT.,FR0000053035,GEA,Euronext Paris,EUR
GECI INTL,FR0000079634,ALGEC,Euronext Growth Paris,EUR
GECINA,FR0010040865,GFC,Euronext Paris,EUR
GEN BELGE ARGENTIN,BE6303070104,-,Euronext Expert Market,EUR
GENERAL ELECTRIC,US3696043013,GNE,Euronext Paris,EUR
GENERIX GROUP,FR0010501692,GENX,Euronext Paris,EUR
GENEURO,CH0308403085,GNRO,Euronext Paris,EUR
GENFIT,FR0004163111,GNFT,Euronext Paris,EUR
GENK LOGIST. CERT,BE0003740546,GENK,Euronext Brussels,EUR
GENOMIC VISION,FR0011799907,GV,Euronext Paris,EUR
GENOWAY,FR0004053510,ALGEN,Euronext Growth Paris,EUR
GENSIGHT BIOLOGICS,FR0013183985,SIGHT,Euronext Paris,EUR
GENTIAN DIAGNOSTIC,NO0010748866,GENT,Oslo Børs,NOK
GENTLEMENS EQUITY,PTGVE1AE0009,MLGEQ,Euronext Access Paris,EUR
GEOJUNXION,NL0000430106,GOJXN,Euronext Amsterdam,EUR
GEP BSA 2020,FR0013483047,GEPBS,Euronext Growth Paris,EUR
GETLINK SE,FR0010533075,GET,Euronext Paris,EUR
GEVELOT,FR0000033888,ALGEV,Euronext Growth Paris,EUR
GIGANTE SALMON,NO0011013765,GIGA,Euronext Growth Oslo,NOK
GIMV,BE0003699130,GIMB,Euronext Brussels,EUR
GJENSIDIGE FORSIKR,NO0010582521,GJF,Oslo Børs,NOK
GL EVENTS,FR0000066672,GLO,Euronext Paris,EUR
GLANBIA PLC,IE0000669501,GL9,Euronext Dublin,EUR
GLENVEAGH PROP.PLC,IE00BD6JX574,GVR,Euronext Dublin,EUR
GLINTT,PTPAD0AM0007,GLINT,Euronext Lisbon,EUR
GLOBAL BIOENERGIES,FR0011052257,ALGBE,Euronext Growth Paris,EUR
GLOBAL PIELAGO,ES0105537007,MLNDG,Euronext Access Paris,EUR
GNP ENERGY,NO0010886013,GNP,Euronext Growth Oslo,NOK
GOLD BY GOLD,FR0011208693,ALGLD,Euronext Growth Paris,EUR
GOLDEN ENERGY OFF,NO0010813843,GEOS,Euronext Growth Oslo,NOK
GOLDEN OCEAN GROUP,BMG396372051,GOGL,Oslo Børs,NOK
GOODTECH,NO0004913609,GOD,Oslo Børs,NOK
GOSSON KESSALES,BE0011395465,-,Euronext Expert Market,EUR
GOUR MEDICAL,FR0013371507,MLGML,Euronext Access Paris,EUR
GP BHND SHA,LU2434421173,BHND,Euronext Amsterdam,EUR
GPE GROUP PIZZORNO,FR0010214064,GPE,Euronext Paris,EUR
GPE PAROT (AUTO),FR0013204070,ALPAR,Euronext Growth Paris,EUR
GRAINES VOLTZ,FR0000065971,GRVO,Euronext Paris,EUR
GRAM CAR CARRIERS,NO0011109563,GCC,Euronext Growth Oslo,NOK
GREAT WESTERN MIN.,IE00B1FR8863,8GW,Euronext Growth Dublin,EUR
GRECEMAR,FR0013406881,MLCMG,Euronext Access Paris,EUR
GREEN MINERALS,NO0010907744,GEM,Euronext Growth Oslo,NOK
GREENCOAT REN.,IE00BF2NR112,GRP,Euronext Growth Dublin,EUR
GREENVOLT,PTGNV0AM0001,GVOLT,Euronext Lisbon,EUR
GREENYARD,BE0003765790,GREEN,Euronext Brussels,EUR
GRIEG SEAFOOD,NO0010365521,GSF,Oslo Børs,NOK
GROLLEAU,FR0014005ZM5,ALGRO,Euronext Growth Paris,EUR
GRONG SPAREBANK,NO0010636491,GRONG,Euronext Growth Oslo,NOK
GROTTES DE HAN/s/L,BE0057677594,-,Euronext Expert Market,EUR
GROUP SFIT,FR00140066X4,MLSFI,Euronext Access Paris,EUR
GROUPE BERKEM,FR00140069V2,ALKEM,Euronext Growth Paris,EUR
GROUPE CARNIVOR,FR0000076960,MLGRC,Euronext Access Paris,EUR
GROUPE CASOL,FR0014003RM7,MLCAS,Euronext Access Paris,EUR
GROUPE CRIT,FR0000036675,CEN,Euronext Paris,EUR
GROUPE FLO,FR0014004X25,FLO,Euronext Paris,EUR
GROUPE GORGE,FR0000062671,GOE,Euronext Paris,EUR
GROUPE GUILLIN,FR0012819381,ALGIL,Euronext Growth Paris,EUR
GROUPE IRD,FR0000124232,IRD,Euronext Paris,EUR
GROUPE JAJ,FR0004010338,GJAJ,Euronext Paris,EUR
GROUPE JOSI,BE0011606630,-,Euronext Expert Market,EUR
GROUPE LDLC,FR0000075442,ALLDL,Euronext Growth Paris,EUR
GROUPE OPEN,FR0004050300,OPN,Euronext Paris,EUR
GROUPE PARTOUCHE,FR0012612646,PARP,Euronext Paris,EUR
GROUPE PLUS-VALUES,FR0010529719,MLPVG,Euronext Access Paris,EUR
GROUPE SFPI,FR0004155000,SFPI,Euronext Paris,EUR
GROUPE TERA,FR0013429404,ALGTR,Euronext Growth Paris,EUR
GROUPIMO,FR0014000RP6,ALIMO,Euronext Growth Paris,EUR
GROWNERS,BE0003861789,-,Euronext Expert Market,EUR
GT BIOPHARMA INC,US36254L2097,GTBP,Euronext Paris,EUR
GTT,FR0011726835,GTT,Euronext Paris,EUR
GUANDAO PUER INVES,LU1840650458,MLGDI,Euronext Access Paris,EUR
GUERBET,FR0000032526,GBT,Euronext Paris,EUR
GUILLEMOT,FR0000066722,GUI,Euronext Paris,EUR
GYLDENDAL,NO0004288200,GYL,Oslo Børs,NOK
H2O INNOVATION INC,CA4433003064,ALHEO,Euronext Growth Paris,EUR
HAFNIA LIMITED,BMG4233B1090,HAFNI,Oslo Børs,NOK
HAL TRUST,BMG455841020,HAL,Euronext Amsterdam,EUR
HAMILTON GLOBAL OP,GB00BMDXQ672,ALHGO,Euronext Growth Paris,EUR
HAMMERSON PLC,GB00BK7YQK64,HMSO,Euronext Dublin,GBP
HAMON,BE0974352842,HAMO,Euronext Brussels,EUR
HARMONYCHAIN,NO0010921299,HMONY,Euronext Growth Oslo,NOK
HAULOTTE GROUP,FR0000066755,PIG,Euronext Paris,EUR
HAV GROUP,NO0010931918,HAV,Euronext Growth Oslo,NOK
HAVILA KYSTRUTEN,NO0011045429,HKY,Euronext Growth Oslo,NOK
HAVILA SHIPPING,NO0010257728,HAVI,Oslo Børs,NOK
HAVYARD GROUP,NO0010708605,HYARD,Oslo Børs,NOK
HDF,FR0014003VY4,HDF,Euronext Paris,EUR
HEALTH,FR0013251584,MLAHC,Euronext Access Paris,EUR
HEALTHBEACON SHA,IE00014QAJZ5,HBCN,Euronext Growth Dublin,EUR
HEALTHCARE ACTIVOS,ES0105498002,MLHAY,Euronext Access Paris,EUR
HEDOSOPHIA ORD SHA,KYG4406A1022,HEGA,Euronext Amsterdam,EUR
HEDOSOPHIA UNITS,KYG4406A1287,HEGAU,Euronext Amsterdam,EUR
HEDOSOPHIA WARRANT,KYG4406A1105,HEGAW,Euronext Amsterdam,EUR
HEIJMANS,NL0009269109,HEIJM,Euronext Amsterdam,EUR
HEINEKEN,NL0000009165,HEIA,Euronext Amsterdam,EUR
HEINEKEN HOLDING,NL0000008977,HEIO,Euronext Amsterdam,EUR
HERIGE,FR0000066540,ALHRG,Euronext Growth Paris,EUR
HERMES INTL,FR0000052292,RMS,Euronext Paris,EUR
HEXAGON COMPOSITES,NO0003067902,HEX,Oslo Børs,NOK
HEXAGON PURUS,NO0010904923,HPUR,Euronext Growth Oslo,NOK
HEXAOM,FR0004159473,HEXA,Euronext Paris,EUR
HF COMPANY,FR0000038531,ALHF,Euronext Growth Paris,EUR
HIBERNIA REIT PLC,IE00BGHQ1986,HBRN,Euronext Dublin,EUR
HIGH CO,FR0000054231,HCO,Euronext Paris,EUR
HIMALAYA SHIPPING,BMG4660A1036,HSHIP,Euronext Growth Oslo,NOK
HIOLLE INDUSTRIES,FR0000077562,ALHIO,Euronext Growth Paris,EUR
HIPAY GROUP,FR0012821916,ALHYP,Euronext Growth Paris,EUR
HITECHPROS,FR0010396309,ALHIT,Euronext Growth Paris,EUR
HK,DE000A11Q133,MLHK,Euronext Access Paris,EUR
HOCHE BAINS L.BAIN,FR0000051302,MLHBB,Euronext Access Paris,EUR
HÖEGH AUTOLINERS,NO0011082075,HAUTO,Euronext Growth Oslo,NOK
HOFFMANN,FR0013451044,ALHGR,Euronext Growth Paris,EUR
HOFSETH BIOCARE,NO0010598683,HBC,Oslo Børs,NOK
Holcim Ltd,CH0012214059,HOLN,Euronext Paris,EUR
HOLLAND COLOURS,NL0000440311,HOLCO,Euronext Amsterdam,EUR
HOME CONCEPT,FR0012336691,MLHCF,Euronext Access Paris,EUR
HOME INVEST BE.,BE0003760742,HOMI,Euronext Brussels,EUR
HOPENING,FR0010312181,MLHPE,Euronext Access Paris,EUR
HOPIUM,FR0014000U63,ALHPI,Euronext Growth Paris,EUR
HOPSCOTCH GROUPE,FR0000065278,HOP,Euronext Paris,EUR
HORISONT ENERGI,NO0010917339,HRGI,Euronext Growth Oslo,NOK
HOSTELWORLD GROUP,GB00BYYN4225,HSW,Euronext Dublin,EUR
HOT.MAJESTIC CANNE,FR0006226791,MLHMC,Euronext Access Paris,EUR
HOTELIM,FR0000053738,MLHOT,Euronext Access Paris,EUR
HOTELS DE PARIS,FR0004165801,HDP,Euronext Paris,EUR
HOTL.IMMOB.NICE,FR0006563904,MLHIN,Euronext Access Paris,EUR
HOUSE OF CONTROL,NO0010781818,HOC,Euronext Growth Oslo,NOK
HUDDLESTOCK FINTEC,NO0010859648,HUDL,Euronext Growth Oslo,NOK
HUDDLY,NO0010776990,HDLY,Euronext Growth Oslo,NOK
HUNTER DOUGLAS,ANN4327C1220,HDG,Euronext Amsterdam,EUR
HUNTER DOUGLAS,ANN4327C1303,HUNDP,Euronext Amsterdam,EUR
HUNTER GROUP,NO0010283211,HUNT,Euronext Expand Oslo,NOK
HYBRID SOFTWARE GR,GB00BYN5BY03,HYSG,Euronext Brussels,EUR
HYBRIGENICS,FR0004153930,ALHYG,Euronext Growth Paris,EUR
HYDRATEC,NL0009391242,HYDRA,Euronext Amsterdam,EUR
HYDRAULIQUE PB,FR0000064735,MLHYD,Euronext Access Paris,EUR
HYDRO-EXPLOIT.,FR0005843125,MLHYE,Euronext Access Paris,EUR
HYDROGEN REFUELING,FR0014001PM5,ALHRS,Euronext Growth Paris,EUR
HYDROGENPRO,NO0010892359,HYPRO,Euronext Growth Oslo,NOK
HYLORIS,BE0974363955,HYL,Euronext Brussels,EUR
HYNION,NO0010920945,HYN,Euronext Growth Oslo,NOK
HØLAND OG SETSKOG,NO0010012636,HSPG,Oslo Børs,NOK
I.CERAM,FR0014005IU4,ALICR,Euronext Growth Paris,EUR
I2PO SHARES,FR0014004J15,I2PO,Euronext Paris,EUR
I2PO WARRANTS,FR0014004JF6,I2POW,Euronext Paris,EUR
I2S,FR0005854700,ALI2S,Euronext Growth Paris,EUR
IANTE INVESTMENTS,ES0105479002,MLINT,Euronext Access Paris,EUR
IBA,BE0003766806,IBAB,Euronext Brussels,EUR
IBERSOL,,,,
IBM,US4592001014,IBMA,Traded not listed Brussels,USD
ICADE,FR0000035081,ICAD,Euronext Paris,EUR
ICE FISH FARM,NO0010884794,IFISH,Euronext Growth Oslo,NOK
ICE GROUP,NO0010734742,ICEGR,Euronext Expand Oslo,NOK
ICELANDIC SALMON,NO0010724701,ISLAX,Euronext Growth Oslo,NOK
ID LOGISTICS GROUP,FR0010929125,IDL,Euronext Paris,EUR
IDEX BIOMETRICS,NO0003070609,IDEX,Oslo Børs,NOK
IDI,FR0000051393,IDIP,Euronext Paris,EUR
IDS,FR0000079691,MLIDS,Euronext Access Paris,EUR
IDSUD,FR0000062184,ALIDS,Euronext Growth Paris,EUR
IEP INVEST,BE0003748622,IEP,Euronext Brussels,EUR
IEX GROUP NV,NL0010556726,IEX,Euronext Amsterdam,EUR
IGE + XAO,FR0000030827,IGE,Euronext Paris,EUR
IGIS NEPTUNE,ES0105551008,MLABC,Euronext Access Paris,EUR
IKONISYS,FR00140048X2,ALIKO,Euronext Growth Paris,EUR
ILBE,IT0005380602,ALIE,Euronext Growth Paris,EUR
IMALLIANCE,FR0010086371,MLIML,Euronext Access Paris,EUR
IMBAKIN HOLDING,BE6264882406,-,Euronext Expert Market,EUR
IMCD,NL0010801007,IMCD,Euronext Amsterdam,EUR
IMERYS,FR0000120859,NK,Euronext Paris,EUR
IMM.PARIS.PERLE,FR0006859039,MLIPP,Euronext Access Paris,EUR
IMMAGRIFOR,BE0020932779,-,Euronext Expert Market,EUR
IMMERSION,FR0013060100,ALIMR,Euronext Growth Paris,EUR
IMMO FOND'ROY,BE0011253011,-,Euronext Expert Market,EUR
IMMO FOND'ROY -5e,BE0011254027,-,Euronext Expert Market,EUR
IMMO MCC,BE0974287196,MCC,Euronext Brussels,EUR
IMMO MOURY,BE0003893139,IMMOU,Euronext Brussels,EUR
IMMOB.DASSAULT,FR0000033243,IMDA,Euronext Paris,EUR
IMMOBEL,BE0003599108,IMMO,Euronext Brussels,EUR
IMMOPOOL,BE0003866838,IMMOP,Euronext Expert Market,EUR
IMOB.C GRAO PARA,PTGPA0AP0007,GPA,Euronext Lisbon,EUR
IMPLANET,FR0013470168,ALIMP,Euronext Growth Paris,EUR
IMPRESA,,,,
IMPRIMERIE CHIRAT,FR0000065773,MLIMP,Euronext Access Paris,EUR
IMPULSE FITNESS,ES0105590006,MLIFS,Euronext Access Paris,EUR
INAPA-INV.P.GESTAO,PTINA0AP0008,INA,Euronext Lisbon,EUR
INCLUSIO SA/NV,BE0974374069,INCLU,Euronext Brussels,EUR
INDLE FIN.ENTREPR.,FR0000066219,INFE,Euronext Paris,EUR
INDUCT,NO0010536048,INDCT,Euronext Growth Oslo,NOK
INFOCLIP,FR0011158823,MLIFC,Euronext Access Paris,EUR
INFOTEL,FR0000071797,INF,Euronext Paris,EUR
INFRABEL,BE6265912038,-,Euronext Expert Market,EUR
ING GROEP N.V.,NL0011821202,INGA,Euronext Amsterdam,
INMARK,ES0105511002,MLINM,Euronext Access Paris,EUR
INMOSUPA,ES0105473005,MLISP,Euronext Access Paris,EUR
INNATE PHARMA,FR0010331421,IPH,Euronext Paris,EUR
INNELEC MULTIMEDIA,FR0000064297,ALINN,Euronext Growth Paris,EUR
INNOVADERMA PLC,GB00BT9PTW34,MLIDP,Euronext Access Paris,EUR
INNOVATIVE RFK SPA,IT0005391161,MLIRF,Euronext Access Paris,EUR
INPOST,LU2290522684,INPST,Euronext Amsterdam,EUR
INSR INSURANCE GP,NO0010593544,INSR,Oslo Børs,NOK
INSTABANK,NO0010762792,INSTA,Euronext Growth Oslo,NOK
INSTALLUX,FR0000060451,ALLUX,Euronext Growth Paris,EUR
INTEGRAGEN,FR0010908723,ALINT,Euronext Growth Paris,EUR
INTEGRATED WIND SO,NO0010955883,IWS,Euronext Growth Oslo,NOK
INTEGRITAS VIAGER,FR0014003FN0,MLVIE,Euronext Access Paris,EUR
INTEL CORP,US4581401001,INCO,Traded not listed Brussels,USD
INTEROIL EXPL PROD,NO0010284318,IOX,Oslo Børs,NOK
INTERPARFUMS,FR0004024222,ITP,Euronext Paris,EUR
INTERTRUST,NL0010937058,INTER,Euronext Amsterdam,EUR
INTERVEST OFF-WARE,BE0003746600,INTO,Euronext Brussels,EUR
INTEXA,FR0000064958,ITXT,Euronext Paris,EUR
INTRASENSE,FR0011179886,ALINS,Euronext Growth Paris,EUR
INVENTIVA,FR0013233012,IVA,Euronext Paris,EUR
INVIBES ADVERTSING,BE0974299316,ALINV,Euronext Growth Paris,EUR
IOC HOLDING,BE6200101556,MLIOC,Euronext Access Paris,EUR
IPOSA PROPERTIES,ES0105417002,MLIPO,Euronext Access Paris,EUR
IPSEN,FR0010259150,IPN,Euronext Paris,EUR
IPSOS,FR0000073298,IPS,Euronext Paris,EUR
IPSOS NV22,FR00140078W1,IPSNV,Euronext Paris,EUR
IRISH CONT. GP.,IE00BLP58571,IR5B,Euronext Dublin,EUR
IRISH RES. PROP.,IE00BJ34P519,IRES,Euronext Dublin,EUR
ISPD,ES0109429037,ALISP,Euronext Growth Paris,EUR
IT LINK,FR0000072597,ALITL,Euronext Growth Paris,EUR
ITALY INNOVAZIONI,IT0005336521,MLITN,Euronext Access Paris,EUR
ITERA,NO0010001118,ITERA,Oslo Børs,NOK
ITESOFT,FR0004026151,ITE,Euronext Paris,EUR
J.MARTINS,,,,
JACQUES BOGART,FR0012872141,JBOG,Euronext Paris,EUR
JACQUET METALS,FR0000033904,JCQ,Euronext Paris,EUR
JC DECAUX SA.,FR0000077919,DEC,Euronext Paris,EUR
JDE PEET'S,NL0014332678,JDEP,Euronext Amsterdam,EUR
JENSEN-GROUP,BE0003858751,JEN,Euronext Brussels,EUR
JINHUI SHIPP TRANS,BMG5137R1088,JIN,Oslo Børs,NOK
JSA TECHNOLOGY,FR0010680033,MLJSA,Euronext Access Paris,EUR
JUST EAT TAKEAWAY,NL0012015705,TKWY,Euronext Amsterdam,EUR
JÆREN SPAREBANK,NO0010359433,JAREN,Oslo Børs,NOK
KABELWERK EUPEN,BE0049482129,-,Euronext Expert Market,EUR
KAHOOT!,NO0010823131,KAHOT,Oslo Børs,NOK
KALERA,NO0010874597,KAL,Euronext Growth Oslo,NOK
KALRAY,FR0010722819,ALKAL,Euronext Growth Paris,EUR
KAUFMAN ET BROAD,FR0004007813,KOF,Euronext Paris,EUR
KBC,BE0003565737,KBC,Euronext Brussels,EUR
KBC ANCORA,BE0003867844,KBCA,Euronext Brussels,EUR
KBL EPB - ORD,LU0092281103,-,Euronext Expert Market,EUR
KBL EPB - PRIV,LU0092281442,-,Euronext Expert Market,EUR
KENDRION,NL0000852531,KENDR,Euronext Amsterdam,EUR
KENMARE RESOURCES,IE00BDC5DG00,KMR,Euronext Dublin,EUR
KERING,FR0000121485,KER,Euronext Paris,EUR
KERLINK,FR0013156007,ALKLK,Euronext Growth Paris,EUR
KERRY GROUP PLC,IE0004906560,KRZ,Euronext Dublin,EUR
KEYRUS,FR0004029411,ALKEY,Euronext Growth Paris,EUR
KEYWARE TECH.,BE0003880979,KEYW,Euronext Brussels,EUR
KID,NO0010743545,KID,Oslo Børs,NOK
KINEPOLIS GROUP,BE0974274061,KIN,Euronext Brussels,EUR
KINGSPAN GROUP PLC,IE0004927939,KRX,Euronext Dublin,EUR
KITRON,NO0003079709,KIT,Oslo Børs,NOK
KKO INTERNATIONAL,FR0013374667,ALKKO,Euronext Growth Paris,EUR
KLARSEN,FR0011038348,ALKLA,Euronext Growth Paris,EUR
KLAVENESS COMBINAT,NO0010833262,KCC,Oslo Børs,NOK
KLEPIERRE,FR0000121964,LI,Euronext Paris,EUR
KLIMVEST,GB00B19RTX44,ALSIM,Euronext Growth Paris,EUR
KLM,NL0000009645,-,Euronext Expert Market,EUR
KMC PROPERTIES,NO0010360175,KMCP,Oslo Børs,NOK
KOMPLETT,NO0011016040,KOMPL,Oslo Børs,NOK
KOMPLETT BANK,NO0010694029,KOMP,Oslo Børs,NOK
KOMPUESTOS,ES0105425005,ALKOM,Euronext Growth Paris,EUR
KONGSBERG AUTOMOT,NO0003033102,KOA,Oslo Børs,NOK
KONGSBERG GRUPPEN,NO0003043309,KOG,Oslo Børs,NOK
KORIAN,FR0010386334,KORI,Euronext Paris,EUR
KPN KON,NL0000009082,KPN,Euronext Amsterdam,EUR
KRAFT BANK,NO0010815103,KRAB,Euronext Growth Oslo,NOK
KTESIOS REAL ESTAT,ES0105536009,MLKTS,Euronext Access Lisbon,EUR
KUMULUS VAPE,FR0013419876,ALVAP,Euronext Growth Paris,EUR
KUMULUSBSA2020,FR0014001KF0,VAPBS,Euronext Growth Paris,EUR
KYOTO GROUP,NO0010936750,KYOTO,Euronext Growth Oslo,NOK
L''OREAL,FR0000120321,OR,Euronext Paris,EUR
LA PERLA FASHION,NL0012191662,ALPER,Euronext Growth Paris,EUR
LACROIX GROUP,FR0000066607,LACR,Euronext Paris,EUR
LAGARDERE SA,FR0000130213,MMB,Euronext Paris,EUR
LANSON-BCC,FR0004027068,ALLAN,Euronext Growth Paris,EUR
LARGO,FR0013308582,ALLGO,Euronext Growth Paris,EUR
LATECOERE,FR0000032278,LAT,Euronext Paris,EUR
LAURENT-PERRIER,FR0006864484,LPE,Euronext Paris,EUR
LAVIDE HOLDING,NL0010545679,LVIDE,Euronext Amsterdam,EUR
LDC,FR0013204336,LOUP,Euronext Paris,EUR
LE TANNEUR,FR0000075673,ALTAN,Euronext Growth Paris,EUR
LEBON,FR0000121295,LBON,Euronext Paris,EUR
LECTRA,FR0000065484,LSS,Euronext Paris,EUR
LECTRA NV22,FR00140078U5,LSSNV,Euronext Paris,EUR
LEGRAND,FR0010307819,LR,Euronext Paris,EUR
LERØY SEAFOOD GP,NO0003096208,LSG,Oslo Børs,NOK
LES AGENCES DE PAP,FR0014003I41,MLPAP,Euronext Access Paris,EUR
LES HOTELS BAVEREZ,FR0007080254,ALLHB,Euronext Growth Paris,EUR
LESTQBLANC202212BS,FR0013483401,TBMBT,Euronext Growth Paris,EUR
LEXIBOOK LINGUIST.,FR0000033599,ALLEX,Euronext Growth Paris,EUR
LIFECARE,NO0010591191,LIFE,Euronext Growth Oslo,NOK
LINEDATA SERVICES,FR0004156297,LIN,Euronext Paris,EUR
LINK MOBILITY GRP,NO0010894231,LINK,Oslo Børs,NOK
LISGRAFICA,PTLIG0AE0002,LIG,Euronext Lisbon,EUR
LISI,FR0000050353,FII,Euronext Paris,EUR
LITHO FORMAS,PTLIT0AE0005,LIT,Euronext Access Lisbon,EUR
LLEIDA,ES0105089009,ALLLN,Euronext Growth Paris,EUR
LNA SANTE,FR0004170017,LNA,Euronext Paris,EUR
LOCASYSTEM INTL,FR0004155208,MLLOI,Euronext Access Paris,EUR
LOGIC INSTRUMENT,FR0000044943,ALLOG,Euronext Growth Paris,EUR
LOGIS CONFORT,ES0105333001,MLLOG,Euronext Access Paris,EUR
LOMBARD ET MEDOT,FR0006205019,MLCAC,Euronext Access Paris,EUR
LOTUS BAKERIES,BE0003604155,LOTB,Euronext Brussels,EUR
LUCASBOLS,NL0010998878,BOLS,Euronext Amsterdam,EUR
LUCIBEL,FR0011884378,ALUCI,Euronext Growth Paris,EUR
LUCIBEL BS,FR0013525953,LUCBS,Euronext Growth Paris,EUR
LUMI GRUPPEN,NO0010927288,LUMI,Euronext Growth Oslo,NOK
LUMIBIRD,FR0000038242,LBIRD,Euronext Paris,EUR
LV4S,BE6201089735,MLV4S,Euronext Access Paris,EUR
LVMH,FR0000121014,MC,Euronext Paris,EUR
LYSOGENE,FR0013233475,LYS,Euronext Paris,EUR
LYTIX BIOPHARMA,NO0010405780,LYTIX,Euronext Growth Oslo,NOK
M VEST WATER,NO0010976343,MVW,Euronext Growth Oslo,NOK
M.R.M,FR0000060196,MRM,Euronext Paris,EUR
M2I,FR0013270626,ALMII,Euronext Growth Paris,EUR
MAAT PHARMA,FR0012634822,MAAT,Euronext Paris,EUR
MADE,FR0010328302,MLMAD,Euronext Access Paris,EUR
MADVERTISE,FR0010812230,ALMNG,Euronext Growth Paris,EUR
MAGILLEM,FR0010827741,MLMGL,Euronext Access Paris,EUR
MAGNORA,NO0010187032,MGN,Oslo Børs,NOK
MAGSEIS FAIRFIELD,NO0010663669,MSEIS,Oslo Børs,NOK
MAIS.ANTOINE BAUD,FR0000061657,MLMAB,Euronext Access Paris,EUR
MAISON CLIO BLUE,FR0011092089,MLCLI,Euronext Access Paris,EUR
MAISONS DU MONDE,FR0013153541,MDM,Euronext Paris,EUR
MAJOREL GROUP LUX,LU2382956378,MAJ,Euronext Amsterdam,EUR
MAKHEIA GROUP,FR0000072993,ALMAK,Euronext Growth Paris,EUR
MAKING SCIENCE,ES0105463006,ALMKS,Euronext Growth Paris,EUR
MALIN CORP. PLC,IE00BVGC3741,MLC,Euronext Growth Dublin,EUR
MALTERIES FCO-BEL.,FR0000030074,MALT,Euronext Paris,EUR
MANITOU BF,FR0000038606,MTU,Euronext Paris,EUR
MANUTAN INTL,FR0000032302,MAN,Euronext Paris,EUR
MAQ ADMON. URBANAS,ES0105447009,MLMAQ,Euronext Access Paris,EUR
MARATHON OIL CORP,US5658491064,MROIL,Traded not listed Brussels,USD
MARE NOSTRUM,FR0013400835,ALMAR,Euronext Growth Paris,EUR
MAREL,IS0000000388,MAREL,Euronext Amsterdam,EUR
MAROC TELECOM,MA0000011488,IAM,Euronext Paris,EUR
MARTIFER,PTMFR0AM0003,MAR,Euronext Lisbon,EUR
MASTRAD,FR0004155687,ALMAS,Euronext Growth Paris,EUR
MASTRAD BS29,FR0013472446,MASBS,Euronext Growth Paris,EUR
MÅSØVAL,NO0010974983,MAS,Euronext Growth Oslo,NOK
MAUNA KEA TECH,FR0010609263,MKEA,Euronext Paris,EUR
MAURAGE,BE0011844108,-,Euronext Expert Market,EUR
MAUREL ET PROM,FR0000051070,MAU,Euronext Paris,EUR
MBWS,FR0000060873,MBWS,Euronext Paris,EUR
MBWS BSA 2022,FR0013404944,MBWBT,Euronext Paris,EUR
MBWS BSAR 2023,FR0013066313,MBWSZ,Euronext Paris,EUR
MBZ (Gen-Jce),BE0010342609,-,Euronext Expert Market,EUR
MCPHY ENERGY,FR0011742329,MCPHY,Euronext Paris,EUR
MDV,FR0014006PT9,MLMDV,Euronext Access Paris,EUR
MDXHEALTH,BE0003844611,MDXH,Euronext Brussels,EUR
MECHELEN,BE0101614551,-,Euronext Expert Market,EUR
MEDESIS PHARMA,FR0010844464,ALMDP,Euronext Growth Paris,EUR
MEDIA 6,FR0000064404,EDI,Euronext Paris,EUR
MEDIA CAPITAL,PTGMC0AM0003,MCP,Euronext Lisbon,EUR
MEDIA LAB,IT0005324105,MLLAB,Euronext Access Paris,EUR
MEDIA MAKER,IT0005380438,ALKER,Euronext Growth Paris,EUR
MEDIANTECHNOLOGIES,FR0011049824,ALMDT,Euronext Growth Paris,EUR
MEDINCELL,FR0004065605,MEDCL,Euronext Paris,EUR
MEDIOCREDITO EUROP,IT0004844848,MLMCE,Euronext Access Paris,EUR
MEDISTIM,NO0010159684,MEDI,Oslo Børs,NOK
MELEXIS,BE0165385973,MELE,Euronext Brussels,EUR
MELHUS SPAREBANK,NO0006001908,MELG,Oslo Børs,NOK
MELTWATER,NL00150003D3,MWTR,Oslo Børs,NOK
MEMSCAP REGPT,FR0010298620,MEMS,Euronext Paris,EUR
MERCELL HOLDING,NO0010307143,MRCEL,Oslo Børs,NOK
MERCIALYS,FR0010241638,MERY,Euronext Paris,EUR
MERCK AND CO INC,US58933Y1055,MRK,Euronext Paris,EUR
MERIDIA RE IV,ES0105559001,MLMIV,Euronext Access Paris,EUR
MERLIN PROPERTIES,ES0105025003,MRL,Euronext Lisbon,EUR
MERSEN,FR0000039620,MRN,Euronext Paris,EUR
MESSER BELGIUM,BE0003222214,-,Euronext Expert Market,EUR
METABOLIC EXPLORER,FR0004177046,METEX,Euronext Paris,EUR
METALEN GALLER,BE0038785821,-,Euronext Expert Market,EUR
METALLIANCE,FR0010492181,MLETA,Euronext Access Paris,EUR
METHANOR,FR0011217710,ALMET,Euronext Growth Paris,EUR
METHORIOS CAPITAL,IT0004615396,ALMTH,Euronext Growth Paris,EUR
METRICS IN BALANCE,BE0974328602,MLMIB,Euronext Access Paris,EUR
METROPOLE TV,FR0000053225,MMT,Euronext Paris,EUR
MG INTERNATIONAL,FR0010204453,ALMGI,Euronext Growth Paris,EUR
MGI DIGITAL GRAPHI,FR0010353888,ALMDG,Euronext Growth Paris,EUR
MICHELIN,FR0000121261,ML,Euronext Paris,EUR
MICROPOLE,FR0000077570,MUN,Euronext Paris,EUR
MICROSKIN,GB00BF553726,MLSKN,Euronext Access Paris,EUR
MICROSOFT CORP SPL,US5949181045,MSF,Traded not listed Brussels,USD
MICS PARTNERS,BE0010610377,-,Euronext Expert Market,EUR
MIGUET ET ASSOCIES,FR0010500363,MLNMA,Euronext Access Paris,EUR
MIKO,BE0003731453,MIKO,Euronext Brussels,EUR
MILIBOO,FR0013053535,ALMLB,Euronext Growth Paris,EUR
MINCON GROUP PLC,IE00BD64C665,MIO,Euronext Growth Dublin,EUR
MINT,FR0004172450,ALBUD,Euronext Growth Paris,EUR
MINTRA HOLDING,NO0010895022,MNTR,Euronext Growth Oslo,NOK
MITHRA,BE0974283153,MITRA,Euronext Brussels,EUR
MKB Nedsense,NL0009312842,NEDSE,Euronext Amsterdam,EUR
MLD,FR0013268067,MLAMY,Euronext Access Paris,EUR
MND,FR00140050Q2,ALMND,Euronext Growth Paris,EUR
MOLTEN VENTURES,GB00BY7QYJ50,GRW,Euronext Dublin,EUR
MONCEY (FIN.) NOM.,FR0000076986,MONC,Euronext Paris,EUR
MONFINANCIER,FR0010882886,MLMON,Euronext Access Paris,EUR
MONTEA,BE0003853703,MONT,Euronext Brussels,
MONUMENTAL RES,PTMNN0AE0006,MLMR,Euronext Access Lisbon,EUR
MOPOLI,NL0000488153,MOP,Euronext Brussels,EUR
MOPOLI FOND,NL0000488161,MOPF,Euronext Brussels,EUR
MOREFIELD GROUP,CWN814651014,MORE,Euronext Amsterdam,EUR
MOTA ENGIL,PTMEN0AE0005,EGL,Euronext Lisbon,EUR
MOTORK,GB00BMXH3352,MTRK,Euronext Amsterdam,EUR
MOULINVEST,FR0011033083,ALMOU,Euronext Growth Paris,EUR
MOURY CONSTRUCT,BE0003602134,MOUR,Euronext Brussels,EUR
MOWI,NO0003054108,MOWI,Oslo Børs,NOK
MPC CONTAINER SHIP,NO0010791353,MPCC,Oslo Børs,NOK
MPC ENERGY SOLUTIO,NL0015268814,MPCES,Euronext Growth Oslo,NOK
MR BRICOLAGE,FR0004034320,ALMRB,Euronext Growth Paris,EUR
MTD FINANCE,FR0010518936,MLMTD,Euronext Access Paris,EUR
MULANN,FR0012990968,MLMUL,Euronext Access Paris,EUR
MULTI 24,PTMUS0AM0018,MLM24,Euronext Access Lisbon,EUR
MULTICONSULT,NO0010734338,MULTI,Oslo Børs,NOK
MUNCHENER RUCKVERS,DE0008430026,MEURV,Traded not listed Brussels,EUR
MUNIC,FR0013462231,ALMUN,Euronext Growth Paris,EUR
MUSEE GREVIN,FR0000037970,GREV,Euronext Paris,EUR
NACON,FR0013482791,NACON,Euronext Paris,EUR
NAI ORD SHARES,NL0015000CG2,NAI,Euronext Amsterdam,EUR
NAI TREAS SHARES,NL0015000CF4,NAITR,Euronext Amsterdam,EUR
NAI WARRANTS,NL0015000CH0,NAIW,Euronext Amsterdam,EUR
NAMR,FR0014003J32,ALNMR,Euronext Growth Paris,EUR
NANOBIOTIX,FR0011341205,NANO,Euronext Paris,EUR
NAPATECH,DK0060520450,NAPA,Oslo Børs,NOK
NAVAMEDIC,NO0010205966,NAVA,Oslo Børs,NOK
NAVYA,FR0013018041,NAVYA,Euronext Paris,EUR
NEDAP,NL0000371243,NEDAP,Euronext Amsterdam,EUR
NEKKAR,NO0003049405,NKR,Oslo Børs,NOK
NEL,NO0010081235,NEL,Oslo Børs,NOK
NEOCOM MULTIMEDIA,FR0004157543,MLNEO,Euronext Access Paris,EUR
NEOEN,FR0011675362,NEOEN,Euronext Paris,EUR
NEOLIFE,FR0011636083,ALNLF,Euronext Growth Paris,EUR
NEOLIFE BS,FR0013282936,NLFBS,Euronext Growth Paris,EUR
NEOVACS,FR00140077X1,ALNEV,Euronext Growth Paris,EUR
NEPI ROCKCASTLE,IM00BDD7WV31,NRP,Euronext Amsterdam,EUR
NETGEM,FR0004154060,ALNTG,Euronext Growth Paris,EUR
NETOIL CAPITAL,GB00BF2PG875,NOC,Euronext Growth Oslo,NOK
NEUFCOUR-FIN.,BE0003680916,MLNEU,Euronext Access Brussels,EUR
NEURONES,FR0004050250,NRO,Euronext Paris,EUR
NEW SOURCES ENERGY,NL0009822014,NSE,Euronext Amsterdam,EUR
NEWAYS ELECTRONICS,NL0000440618,NEWAY,Euronext Amsterdam,EUR
NEWTREE,BE0003832491,NEWT,Euronext Access Brussels,EUR
NEXANS,FR0000044448,NEX,Euronext Paris,EUR
NEXITY,FR0010112524,NXI,Euronext Paris,EUR
NEXPONOR-SICAFI,PTNEX0AM0002,ALNOR,Euronext Growth Lisbon,EUR
NEXT BIOMETRICS GP,NO0010629108,NEXT,Oslo Børs,NOK
NEXTEDIA,FR0004171346,ALNXT,Euronext Growth Paris,EUR
NEXTENSA,BE0003770840,NEXTA,Euronext Brussels,EUR
NEXTSTAGE,FR0012789386,NEXTS,Euronext Paris,EUR
NFL BIOSCIENCES,FR0014003XT0,ALNFL,Euronext Growth Paris,EUR
NFTY,FR0010457531,ALNFT,Euronext Growth Paris,EUR
NHOA,FR0012650166,NHOA,Euronext Paris,EUR
NICOX,FR0013018124,COX,Euronext Paris,EUR
NIDAROS SPAREBANK,NO0010733082,NISB,Euronext Growth Oslo,NOK
NMC,BE0035966762,-,Euronext Expert Market,EUR
NN GROUP,NL0010773842,NN,Euronext Amsterdam,EUR
NOBEL,BE0034574427,-,Euronext Expert Market,EUR
NOKIA,FI0009000681,NOKIA,Euronext Paris,EUR
NORBIT,NO0010856511,NORBT,Oslo Børs,NOK
NORCOD,NO0010892912,NCOD,Euronext Growth Oslo,NOK
NORDHEALTH A-AKSJE,NO0011002651,NORDH,Euronext Growth Oslo,NOK
NORDIC AQUA PART,DK0061414638,NOAP,Euronext Growth Oslo,NOK
NORDIC HALIBUT,NO0003058109,NOHAL,Euronext Growth Oslo,NOK
NORDIC MINING,NO0010317340,NOM,Euronext Expand Oslo,NOK
NORDIC NANOVECTOR,NO0010597883,NANOV,Oslo Børs,NOK
NORDIC SEMICONDUC,NO0003055501,NOD,Oslo Børs,NOK
NORDIC UNMANNED,NO0010907090,NUMND,Euronext Growth Oslo,NOK
NORSE ATLANTIC,NO0010946445,NORSE,Euronext Growth Oslo,NOK
NORSK HYDRO,NO0005052605,NHY,Oslo Børs,NOK
NORSK SOLAR,NO0010941925,NSOL,Euronext Growth Oslo,NOK
NORSK TITANIUM,NO0010969108,NTI,Euronext Growth Oslo,NOK
NORSKE SKOG,NO0010861115,NSKOG,Oslo Børs,NOK
NORTEL,NO0010900087,NTEL,Euronext Growth Oslo,NOK
NORTH ENERGY,NO0010550056,NORTH,Euronext Expand Oslo,NOK
NORTHERN DRILLING,BMG6624L1090,NODL,Oslo Børs,NOK
NORTHERN OCEAN LTD,BMG6682J1036,NOL,Oslo Børs,NOK
NORWAY ROYALSALMON,NO0010331838,NRS,Oslo Børs,NOK
NORWEGIAN AIR SHUT,NO0010196140,NAS,Oslo Børs,NOK
NORWEGIAN BLOCK EX,NO0010984966,NBX,Euronext Growth Oslo,NOK
NORWEGIAN ENERGY,NO0010379266,NOR,Oslo Børs,NOK
"NOS, SGPS",PTZON0AM0006,NOS,Euronext Lisbon,EUR
NOVABASE,,,,
NOVACYT,FR0010397232,ALNOV,Euronext Growth Paris,EUR
NOVATECH IND.,FR0000185464,MLNOV,Euronext Access Paris,EUR
NOXXON,NL0012044762,ALNOX,Euronext Growth Paris,EUR
NR21,FR0014001PV6,NR21,Euronext Paris,EUR
NRC GROUP,NO0003679102,NRC,Oslo Børs,NOK
NRJ GROUP,FR0000121691,NRG,Euronext Paris,EUR
NSC GROUPE,FR0000064529,ALNSC,Euronext Growth Paris,EUR
NSE,FR0004065639,ALNSE,Euronext Growth Paris,EUR
NSI N.V.,NL0012365084,NSI,Euronext Amsterdam,EUR
NTS,NO0004895103,NTS,Oslo Børs,NOK
NX FILTRATION,NL0015000D50,NXFIL,Euronext Amsterdam,EUR
NYKODE THERAPEUTIC,NO0010714785,NYKD,Euronext Growth Oslo,NOK
NYRSTAR,BE0974294267,NYR,Euronext Brussels,EUR
NYXOAH,BE0974358906,NYXH,Euronext Brussels,EUR
O SORBET D AMOUR,FR0013072741,MLOSA,Euronext Access Paris,EUR
OBER,FR0010330613,ALOBR,Euronext Growth Paris,EUR
OBIZ,FR0014003711,ALBIZ,Euronext Growth Paris,EUR
OBSERVE MEDICAL,NO0010865009,OBSRV,Euronext Expand Oslo,NOK
OBSERVE MEDICAL TR,NO0012422197,OBSRT,Euronext Expand Oslo,NOK
OCCIDENTAL PETROL.,US6745991058,OCPET,Traded not listed Brussels,USD
OCEAN SUN,NO0010887565,OSUN,Euronext Growth Oslo,NOK
OCEANTEAM,NO0010317316,OTS,Oslo Børs,NOK
OCI,NL0010558797,OCI,Euronext Amsterdam,EUR
OCTOPUS BIOSAFETY,FR0013310281,MLOCT,Euronext Access Paris,EUR
ODFJELL DRILLING,BMG671801022,ODL,Oslo Børs,NOK
ODFJELL SER. A,NO0003399909,ODF,Oslo Børs,NOK
ODFJELL SER. B,NO0003399917,ODFB,Oslo Børs,NOK
ODYSSEY ORD SHARES,LU2355630455,ODYSY,Euronext Amsterdam,EUR
ODYSSEY WARRANTS,LU2355630968,ODYSW,Euronext Amsterdam,EUR
OENEO,FR0000052680,SBT,Euronext Paris,EUR
OKEA,NO0010816895,OKEA,Oslo Børs,NOK
OKEANIS ECO TANKER,MHY641771016,OET,Oslo Børs,NOK
OL GROUPE,FR0010428771,OLG,Euronext Paris,EUR
OLAV THON EIENDOMS,NO0005638858,OLT,Oslo Børs,NOK
OLD ENGLAND,BE0034169251,-,Euronext Expert Market,EUR
OLIMPO REAL ESTATE,PTOTP0AM0004,MLORE,Euronext Access Lisbon,EUR
OMER-DECUGIS & CIE,FR0014003T71,ALODC,Euronext Growth Paris,EUR
ONCODESIGN,FR0011766229,ALONC,Euronext Growth Paris,EUR
ONE EXPERIENCE,FR0013266772,MLOEX,Euronext Access Paris,EUR
ONLINEFORMAPRO,FR0004174712,MLONL,Euronext Access Paris,EUR
ONTEX GROUP,BE0974276082,ONTEX,Euronext Brussels,EUR
ONWARD MEDICAL,NL0015000HT4,ONWD,Euronext Brussels,
ONXEO,FR0010095596,ALONX,Euronext Growth Paris,EUR
OPEN ORPHAN PLC,GB00B9275X97,ORPH,Euronext Growth Dublin,EUR
OPPIDUM,BE0003704187,-,Euronext Expert Market,EUR
OPTIMCO,BE0942448938,-,Euronext Expert Market,EUR
ORANGE,FR0000133308,ORA,Euronext Paris,EUR
ORANGE BELGIUM,BE0003735496,OBEL,Euronext Brussels,EUR
ORAPI,FR0000075392,ORAP,Euronext Paris,EUR
ORAPI BSA,FR0013522216,ORAPB,Euronext Paris,EUR
ORBIS PROPERTIES,ES0105490009,MLORB,Euronext Access Paris,EUR
ORDINA,NL0000440584,ORDI,Euronext Amsterdam,EUR
ORDISSIMO,FR0013318052,ALORD,Euronext Growth Paris,EUR
OREGE,FR0010609206,OREGE,Euronext Paris,EUR
OREY ANTUNES ESC.,PTORE0AM0002,ORE,Euronext Lisbon,EUR
ORIGIN ENT. PLC,IE00B1WV4493,OIZ,Euronext Growth Dublin,EUR
ORINOQUIA,ES0105534004,MLORQ,Euronext Access Paris,EUR
ORKLA,NO0003733800,ORK,Oslo Børs,NOK
ORMONDE MINING PLC,IE00BF0MZF04,ORQ1,Euronext Growth Dublin,EUR
ORPEA,FR0000184798,ORP,Euronext Paris,EUR
OSE IMMUNO,FR0012127173,OSE,Euronext Paris,EUR
OSMOZIS,FR0013231180,ALOSM,Euronext Growth Paris,EUR
OTELLO CORPORATION,NO0010040611,OTEC,Oslo Børs,NOK
OTOVO,NO0010809783,OTOVO,Euronext Growth Oslo,NOK
OVH,FR0014005HJ9,OVH,Euronext Paris,EUR
OVOCA BIO PLC,IE00B4XVDC01,OVXA,Euronext Growth Dublin,EUR
OXURION,BE0003846632,OXUR,Euronext Brussels,EUR
OZ GROUP,BE0003860773,ICE,Euronext Expert Market,EUR
PACTE NOVATION,FR0000077992,MLPAC,Euronext Access Paris,EUR
PANORO ENERGY,NO0010564701,PEN,Oslo Børs,NOK
PANTECH,BE0157892739,-,Euronext Expert Market,EUR
PARAGON ID,FR0013318813,PID,Euronext Paris,EUR
PAREF,FR0010263202,PAR,Euronext Paris,EUR
PARETO BANK,NO0010397581,PARB,Oslo Børs,NOK
PARROT,FR0004038263,PARRO,Euronext Paris,EUR
PARROT BSA 1,FR0013054269,PABSA,Euronext Paris,EUR
PARROT BSA 2,FR0013054335,PABSB,Euronext Paris,EUR
PART.INDLES MINI.,FR0006823092,MLHOP,Euronext Access Paris,EUR
PARX MATERIALS NV,NL0012650535,MLPRX,Euronext Access Paris,EUR
PASSAT,FR0000038465,PSAT,Euronext Paris,EUR
PATIENTSKY GROUP,NO0010895667,PSKY,Euronext Growth Oslo,NOK
PATRIMOINE ET COMM,FR0011027135,PAT,Euronext Paris,EUR
PATRIS,PTPRS0AM0017,ALPTR,Euronext Growth Lisbon,EUR
PAULIC MEUNERIE,FR0013479730,ALPAU,Euronext Growth Paris,EUR
PAYTON PLANAR,IL0010830391,PAY,Euronext Brussels,EUR
PB FINANCE,BE0003640514,-,Euronext Expert Market,EUR
PCAS,FR0000053514,PCA,Euronext Paris,EUR
PCI BIOTECH HOLD,NO0010405640,PCIB,Oslo Børs,NOK
PEGASUS ENTREP SHA,NL0015000H31,PEACE,Euronext Amsterdam,EUR
PEGASUS ENTREP WAR,NL0015000H56,PEACW,Euronext Amsterdam,EUR
PEGASUS ORD SHARES,NL00150009D0,PACE,Euronext Amsterdam,EUR
PEGASUS UNITS,NL00150009E8,PACEU,Euronext Amsterdam,EUR
PEGASUS WARRANTS,NL00150009B4,PACEW,Euronext Amsterdam,EUR
PELTZER,BE0126745638,-,Euronext Expert Market,EUR
PEPSICO,US7134481081,PEP,Traded not listed Brussels,USD
PERM. TSB GP. HOLD,IE00BWB8X525,IL0A,Euronext Dublin,EUR
PERNOD RICARD,FR0000120693,RI,Euronext Paris,EUR
PERRIER (GERARD),FR0000061459,PERR,Euronext Paris,EUR
PERSEIDA RENTA,ES0105612008,MLPER,Euronext Access Paris,EUR
PERSHING,GG00BPFJTF46,PSH,Euronext Amsterdam,USD
PETROLIA,CY0102630916,PSE,Oslo Børs,NOK
PETRONEFT RES.,IE00B0Q82B24,P8ET,Euronext Growth Dublin,EUR
PETRONOR E&P LTD,AU0000057408,PNOR,Euronext Expand Oslo,NOK
PEUGEOT INVEST,FR0000064784,PEUG,Euronext Paris,EUR
PEXIP HOLDING,NO0010840507,PEXIP,Oslo Børs,NOK
PGS,NO0010199151,PGS,Oslo Børs,NOK
PHARMAGEST INTER.,FR0012882389,PHA,Euronext Paris,EUR
PHARMASIMPLE,BE0974302342,ALPHS,Euronext Growth Paris,EUR
PHARMING GROUP,NL0010391025,PHARM,Euronext Amsterdam,EUR
PHARNEXT,FR0011191287,ALPHA,Euronext Growth Paris,EUR
PHAROL,PTPTC0AM0009,PHR,Euronext Lisbon,EUR
PHERECYDES PHARMA,FR0011651694,ALPHE,Euronext Growth Paris,EUR
PHILIPS BUY BACK,NL0000009322,INPHI,Euronext Amsterdam,EUR
PHILIPS KON,NL0000009538,PHIA,Euronext Amsterdam,EUR
PHILLY SHIPYARD,NO0010395577,PHLY,Euronext Expand Oslo,NOK
PHIMA,BE6321065607,-,Euronext Expert Market,EUR
PHONE WEB,FR0000185480,MLPHW,Euronext Access Paris,EUR
PHOTOCURE,NO0010000045,PHO,Oslo Børs,NOK
PHOTONIKE CAPITAL,BE0948608451,MLPHO,Euronext Access Paris,EUR
PICANOL,BE0003807246,PIC,Euronext Brussels,EUR
PIERRE VACANCES,FR0000073041,VAC,Euronext Paris,EUR
PIONEER PROPERTY,NO0010735681,PPG,Euronext Expand Oslo,NOK
PISCINES DESJOYAUX,FR0000061608,ALPDX,Euronext Growth Paris,EUR
PIXIUM VISION,FR0011950641,ALPIX,Euronext Growth Paris,EUR
PLACOPLATRE,FR0000030769,MLPLC,Euronext Access Paris,EUR
PLANET MEDIA,FR0010211037,ALPLA,Euronext Growth Paris,EUR
PLANT ADVANCED,FR0010785790,ALPAT,Euronext Growth Paris,EUR
PLANT ADVANCED BS,FR0011844067,PATBS,Euronext Growth Paris,EUR
PLAST.VAL LOIRE,FR0013252186,PVL,Euronext Paris,EUR
PLASTIC OMNIUM,FR0000124570,POM,Euronext Paris,EUR
PLAY MAGNUS,NO0010890726,PMG,Euronext Growth Oslo,NOK
POLARIS MEDIA,NO0010466022,POL,Oslo Børs,NOK
POLIGHT,NO0010341712,PLT,Oslo Børs,NOK
PORCELEYNE FLES,NL0000378669,PORF,Euronext Amsterdam,EUR
POSTNL,NL0009739416,PNL,Euronext Amsterdam,EUR
POUJOULAT,FR0000066441,ALPJT,Euronext Growth Paris,EUR
POULAILLON,FR0013015583,ALPOU,Euronext Growth Paris,EUR
POXEL,FR0012432516,POXEL,Euronext Paris,EUR
PPLA CLASS A,BMG7209L1000,PPLAA,Euronext Amsterdam,EUR
PPLA CLASS B,BMG7209L1182,PPLAB,Euronext Amsterdam,EUR
PPLA European Unit,US69355L1098,PPLA,Euronext Amsterdam,EUR
PRECIA,FR0014004EC4,PREC,Euronext Paris,EUR
PREDILIFE,FR0010169920,ALPRE,Euronext Growth Paris,EUR
PRISMAFLEX INTL,FR0004044600,ALPRI,Euronext Growth Paris,EUR
PROACTIS SA,FR0004052561,PROAC,Euronext Paris,EUR
PRODWARE,FR0010313486,ALPRO,Euronext Growth Paris,EUR
PRODWAYS,FR0012613610,PWG,Euronext Paris,EUR
PROLOGUE,FR0010380626,PROL,Euronext Paris,EUR
PROLOGUE BSA,FR0013398617,PROBT,Euronext Growth Paris,EUR
PROLOGUE BSA 2017,FR0013268042,PROBS,Euronext Growth Paris,EUR
PROP.IMMEUBLES,FR0000061376,MLPRI,Euronext Access Paris,EUR
PROSAFE,NO0010861990,PRS,Oslo Børs,NOK
PROSIEBENSAT,DE000PSM7770,PSMP,Traded not listed Brussels,EUR
PROSUS,NL0013654783,PRX,Euronext Amsterdam,EUR
PROTECTOR FORSIKRG,NO0010209331,PROT,Oslo Børs,NOK
PROVENTURE GOLD,CA74375L1058,MLPRO,Euronext Access Paris,EUR
PROVIDENCE RES.,IE00B66B5T26,PZQA,Euronext Growth Dublin,EUR
PROXIMAR SEAFOOD,NO0010893902,PROXI,Euronext Growth Oslo,NOK
PROXIMUS,BE0003810273,PROX,Euronext Brussels,EUR
PRYME,NL00150005Z1,PRYME,Euronext Growth Oslo,NOK
PUBLICIS BSA,FR0000312928,PUBBS,Euronext Paris,EUR
PUBLICIS GROUPE SA,FR0000130577,PUB,Euronext Paris,EUR
PYRUM INNOVATIONS,DE000A2G8ZX8,PYRUM,Euronext Growth Oslo,NOK
Q-FREE,NO0003103103,QFR,Oslo Børs,NOK
QRF,BE0974272040,QRF,Euronext Brussels,EUR
QUADIENT,FR0000120560,QDT,Euronext Paris,EUR
QUADPACK,ES0105118006,ALQP,Euronext Growth Paris,EUR
QUANTAFUEL,NO0010785967,QFUEL,Euronext Growth Oslo,NOK
QUANTUM GENOMICS,FR0011648971,ALQGC,Euronext Growth Paris,EUR
QUESTBACK GROUP,NO0011019119,QUEST,Euronext Growth Oslo,NOK
QUESTERRE ENERGY,CA74836K1003,QEC,Oslo Børs,NOK
QUESTFOR GR-PRICAF,BE0003730448,QFG,Euronext Brussels,EUR
QWAMPLIFY,FR0010889386,ALQWA,Euronext Growth Paris,EUR
QWAMPLIFY BSAANE,FR0013472677,QWABS,Euronext Growth Paris,EUR
R8 PROPERTY,NO0010859689,R8P,Euronext Growth Oslo,NOK
RAIZE,PTRIZ0AM0009,MLRZE,Euronext Access Lisbon,EUR
RAK PETROLEUM,GB00BRGBL804,RAKP,Oslo Børs,NOK
RALLYE,FR0000060618,RAL,Euronext Paris,EUR
RAMADA,PTFRV0AE0004,RAM,Euronext Lisbon,EUR
RAMSAY GEN SANTE,FR0000044471,GDS,Euronext Paris,EUR
RANA GRUBER,NO0010907389,RANA,Euronext Growth Oslo,NOK
RANDSTAD NV,NL0000379121,RAND,Euronext Amsterdam,EUR
RAPID NUTRITION,GB00BLG2TX24,ALRPD,Euronext Growth Paris,EUR
RAPIDO PRET,FR0012395457,ML350,Euronext Access Paris,EUR
REACH SUBSEA,NO0003117202,REACH,Oslo Børs,NOK
REALCO,BE0003841583,REAL,Euronext Access Brussels,EUR
REALITES,FR0011858190,ALREA,Euronext Growth Paris,EUR
REC SILICON,NO0010112675,RECSI,Oslo Børs,NOK
RECTICEL,BE0003656676,REC,Euronext Brussels,EUR
RECYLEX S.A.,FR0000120388,RX,Euronext Paris,EUR
REDITUS,,,,
REIBEL,BE0003829463,REI,Euronext Access Brussels,EUR
REINET INVESTMENTS,LU0383812293,REINA,Euronext Amsterdam,EUR
RELX,GB00B2B0DG97,REN,Euronext Amsterdam,EUR
REMY COINTREAU,FR0000130395,RCO,Euronext Paris,EUR
REN,PTREL0AM0008,RENE,Euronext Lisbon,EUR
RENAULT,FR0000131906,RNO,Euronext Paris,EUR
RENEWI,GB00BNR4T868,RWI,Euronext Amsterdam,EUR
RES GESTAE SOCIMI,ES0105550000,MLJDL,Euronext Access Paris,EUR
RESILUX,BE0003707214,RES,Euronext Brussels,EUR
RETAIL ESTATES,BE0003720340,RET,Euronext Brussels,
REVIVAL EXPANSION,FR0000077232,MLREX,Euronext Access Paris,EUR
REWORLD MEDIA,FR0010820274,ALREW,Euronext Growth Paris,EUR
REXEL,FR0010451203,RXL,Euronext Paris,EUR
RIBER,FR0000075954,ALRIB,Euronext Growth Paris,EUR
RIVER TECH,MT0001710103,RIVER,Euronext Growth Oslo,NOK
ROBERTET,FR0000039091,RBT,Euronext Paris,EUR
ROBERTET CDV 87,FR0000045619,CBR,Euronext Paris,EUR
ROBERTET CI,FR0000045601,CBE,Euronext Paris,EUR
ROCHE BOBOIS,FR0013344173,RBO,Euronext Paris,EUR
ROCTOOL,FR0010523167,ALROC,Euronext Growth Paris,EUR
ROCTOOL BSA 2020-2,FR0013477593,ROCBT,Euronext Growth Paris,EUR
RODAMCO,NL0000288652,-,Euronext Expert Market,EUR
ROMERIKE SPAREBK,NO0010808405,ROMER,Euronext Growth Oslo,NOK
ROMREAL,BMG763301022,ROM,Euronext Expand Oslo,NOK
ROMSDAL SPAREBANK,NO0010759988,ROMSB,Euronext Growth Oslo,NOK
ROODMICROTEC,NL0000440477,ROOD,Euronext Amsterdam,EUR
ROSIER,BE0003575835,ENGB,Euronext Brussels,EUR
ROTHSCHILD & CO,FR0000031684,ROTH,Euronext Paris,EUR
ROTON,BE0003660710,-,Euronext Expert Market,EUR
ROUGIER S.A.,FR0000037640,ALRGR,Euronext Growth Paris,EUR
ROULARTA,BE0003741551,ROU,Euronext Brussels,EUR
ROUSSELET CENTRIF.,FR0000035750,MLROU,Euronext Access Paris,EUR
RSR SINGULAR,ES0105505004,MLRSR,Euronext Access Lisbon,EUR
RUBIS,FR0013269123,RUI,Euronext Paris,EUR
RYANAIR HOLD. PLC,IE00BYTBXV33,RYA,Euronext Dublin,EUR
S.CLUBE BRAGA,PTSCB0AM0001,SCB,Euronext Access Lisbon,EUR
S.D. STANDARD ETC,CY0101550917,SDSD,Oslo Børs,NOK
S.E.B.,FR0000121709,SK,Euronext Paris,EUR
SAFE,FR0013467123,ALSAF,Euronext Growth Paris,EUR
SAFRAN,FR0000073272,SAF,Euronext Paris,EUR
SAGA PURE,NO0010572589,SAGA,Oslo Børs,NOK
SAINT GOBAIN,FR0000125007,SGO,Euronext Paris,
SAINT JEAN GROUPE,FR0000060121,SABE,Euronext Paris,EUR
SALMAR,NO0010310956,SALM,Oslo Børs,NOK
SALMON EVOLUTION,NO0010892094,SALME,Oslo Børs,NOK
SALMONES CAMANCH,CL0002409135,SACAM,Oslo Børs,NOK
SAMSE,FR0000060071,SAMS,Euronext Paris,EUR
SANDNES SPAREBANK,NO0006001007,SADG,Oslo Børs,NOK
SANOFI,FR0000120578,SAN,Euronext Paris,EUR
SANOFI NV22,FR0014006T94,SANNV,Euronext Paris,EUR
SAPMER,FR0010776617,ALMER,Euronext Growth Paris,EUR
SARTORIUS STED BIO,FR0013154002,DIM,Euronext Paris,EUR
SAS AB,SE0003366871,SASNO,Oslo Børs,NOK
SATS,NO0010863285,SATS,Oslo Børs,NOK
SAVENCIA,FR0000120107,SAVE,Euronext Paris,EUR
SAVONNERIE NYONS,FR0013155975,MLSDN,Euronext Access Paris,EUR
SBANKEN,NO0010739402,SBANK,Oslo Børs,NOK
SBM OFFSHORE,NL0000360618,SBMO,Euronext Amsterdam,EUR
SBT,FR0004175222,MLSBT,Euronext Access Paris,EUR
SCANA,NO0003053308,SCANA,Oslo Børs,NOK
SCANDINAVIAN HOUSE,CH0220529603,MLSHD,Euronext Access Paris,EUR
SCATEC,NO0010715139,SCATC,Oslo Børs,NOK
SCBSM,FR0006239109,CBSM,Euronext Paris,EUR
SCEMI,FR0010972091,MLCMI,Euronext Access Paris,EUR
SCHEERD.V KERCHOVE,BE0012378593,SCHD,Euronext Brussels,EUR
SCHIBSTED SER. A,NO0003028904,SCHA,Oslo Børs,NOK
SCHIBSTED SER. B,NO0010736879,SCHB,Oslo Børs,NOK
SCHLUMBERGER,AN8068571086,SLB,Euronext Paris,EUR
SCHNEIDER ELECTRIC,FR0000121972,SU,Euronext Paris,EUR
SCHOBRUNN PARIS,FR0010961920,MLSCH,Euronext Access Paris,EUR
SCIENTIA SCHOOL,ES0105592002,MLSCI,Euronext Access Paris,EUR
SCOR SE,FR0010411983,SCR,Euronext Paris,EUR
SCR-SIBELCO,BE0944264663,-,Euronext Expert Market,EUR
SEABIRD EXPLORAT,CY0101162119,GEG,Oslo Børs,NOK
SEADRILL,BMG7998G1069,SDRL,Oslo Børs,NOK
SEAWAY 7,NO0010893803,SEAW7,Euronext Growth Oslo,NOK
SECHE ENVIRONNEM.,FR0000039109,SCHP,Euronext Paris,EUR
SEGRO PLC,GB00B5ZN1N88,SGRO,Euronext Paris,EUR
SEIF SPA,IT0005353484,ALSEI,Euronext Growth Paris,EUR
SELCODIS,FR0000065492,SLCO,Euronext Paris,EUR
SELECTIRENTE,FR0004175842,SELER,Euronext Paris,EUR
SELF STORAGE GROUP,NO0010781206,SSG,Oslo Børs,NOK
SELVAAG BOLIG,NO0010612450,SBO,Oslo Børs,NOK
SEMAPA,PTSEM0AM0004,SEM,Euronext Lisbon,EUR
SEMPLICEMENTE SpA,IT0005072811,MLSMP,Euronext Access Paris,EUR
SENSORION,FR0012596468,ALSEN,Euronext Growth Paris,EUR
SEQUA PETROLEUM NV,NL0010623518,MLSEQ,Euronext Access Paris,EUR
SEQUANA MEDICAL,BE0974340722,SEQUA,Euronext Brussels,EUR
SERGEFERRARI GROUP,FR0011950682,SEFER,Euronext Paris,EUR
SERMA GROUP,FR0000073728,ALSER,Euronext Growth Paris,EUR
SES,LU0088087324,SESG,Euronext Paris,EUR
SES IMAGOTAG,FR0010282822,SESL,Euronext Paris,EUR
SETTLEMENTS,BE0974261902,STTL,Euronext Growth Brussels,USD
SHELF DRILLING,KYG236271055,SHLF,Oslo Børs,NOK
SHELL PLC,GB00BP6MXD84,SHELL,Euronext Amsterdam,EUR
SHOWROOMPRIVE,FR0013006558,SRP,Euronext Paris,EUR
SHURGARD,LU1883301340,SHUR,Euronext Brussels,EUR
SIDETRADE,FR0010202606,ALBFR,Euronext Growth Paris,EUR
SIEM OFFSHORE,KYG812291253,SIOFF,Oslo Børs,NOK
SIEMENS,DE0007236101,SIA,Traded not listed Brussels,EUR
SIF HOLDING,NL0011660485,SIFG,Euronext Amsterdam,EUR
SIGNAUX GIROD,FR0000060790,ALGIR,Euronext Growth Paris,EUR
SIGNIFY NV,NL0011821392,LIGHT,Euronext Amsterdam,EUR
SII,FR0000074122,SII,Euronext Paris,EUR
SIKRI HOLDING,NO0010881717,SIKRI,Euronext Growth Oslo,NOK
SILC,FR0010679365,MLSIL,Euronext Access Paris,EUR
SIMAT,CI0000000832,MLMAT,Euronext Access Paris,EUR
SIMINANS,BE0016250517,-,Euronext Expert Market,EUR
SIPEF,BE0003898187,SIP,Euronext Brussels,EUR
SKANDIA GREENPOWER,NO0010931207,SKAND,Euronext Growth Oslo,NOK
SKUE SPAREBANK,NO0006001809,SKUE,Oslo Børs,NOK
SLIGRO FOOD GROUP,NL0000817179,SLIGR,Euronext Amsterdam,EUR
SMALTO,FR0011131788,MLSML,Euronext Access Paris,EUR
SMALTO BSA,FR0010649228,SMLBS,Euronext Access Paris,EUR
SMARTCRAFT,NO0011008971,SMCRT,Oslo Børs,NOK
SMARTOPTICS GROUP,NO0011012502,SMOP,Euronext Growth Oslo,NOK
SMARTPHOTO GROUP,BE0974323553,SMAR,Euronext Brussels,EUR
SMCP,FR0013214145,SMCP,Euronext Paris,EUR
SMTPC,FR0004016699,SMTPC,Euronext Paris,EUR
SMURFIT KAPPA GP,IE00B1RR8406,SK3,Euronext Dublin,EUR
SNCB/NMBS -Jce/Gen,BE0010621481,-,Euronext Expert Market,EUR
SNOWWORLD,NL0010627865,SNOW,Euronext Amsterdam,EUR
SOC FRANC CASINOS,FR0010209809,SFCA,Euronext Paris,EUR
SOCIETE GENERALE,FR0000130809,GLE,Euronext Paris,EUR
SOCLINPAR,QX0000022625,-,Euronext Expert Market,EUR
SODEXO,FR0000121220,SW,Euronext Paris,EUR
SODITECH,FR0000078321,SEC,Euronext Paris,EUR
SOFINA,BE0003717312,SOF,Euronext Brussels,EUR
SOFTIMAT,BE0003773877,SOFT,Euronext Growth Brussels,EUR
SOFTOX SOLUTIONS,NO0010811961,SOFTX,Euronext Growth Oslo,NOK
SOGECLAIR,FR0000065864,SOG,Euronext Paris,EUR
SOGN SPAREBANK,NO0006000603,SOGN,Oslo Børs,NOK
SOITEC,FR0013227113,SOI,Euronext Paris,EUR
SOLOCAL GROUP,FR00140006O9,LOCAL,Euronext Paris,EUR
SOLON EIENDOM,NO0003106700,SOLON,Oslo Børs,NOK
SOLSTAD OFFSHORE,NO0003080608,SOFF,Oslo Børs,NOK
SOLUTIONS 30 SE,FR0013379484,S30,Euronext Paris,EUR
SOLVAC NOM(RETAIL),BE0003545531,SOLV,Euronext Brussels,EUR
SOLVAY,BE0003470755,SOLB,Euronext Brussels,
SOLVAY (CP 41),BE0099887748,-,Euronext Expert Market,EUR
SOMFY SA,FR0013199916,SO,Euronext Paris,EUR
SONAE,PTSON0AM0001,SON,Euronext Lisbon,EUR
SONAECOM,,,,
SONAGI,PTSNG0AM0007,SNG,Euronext Access Lisbon,EUR
SOPRA STERIA GROUP,FR0000050809,SOP,Euronext Paris,EUR
SPAC,FR0011277391,FPN,Euronext Paris,EUR
SPADEL,BE0003798155,SPA,Euronext Brussels,EUR
SPARBNK 68 GR NORD,NO0010887110,SB68,Euronext Growth Oslo,NOK
SPAREBANK 1 SMN,NO0006390301,MING,Oslo Børs,NOK
SPAREBANK 1 SR-BK,NO0010631567,SRBNK,Oslo Børs,NOK
SPAREBANK 1 SØRØ,NO0006000207,SOON,Oslo Børs,NOK
SPAREBANKEN MØRE,NO0006390004,MORG,Oslo Børs,NOK
SPAREBANKEN SØR,NO0006001502,SOR,Oslo Børs,NOK
SPAREBANKEN VEST,NO0006000900,SVEG,Oslo Børs,NOK
SPAREBANKEN ØST,NO0006222009,SPOG,Oslo Børs,NOK
SPARTOO,FR00140043Y1,ALSPT,Euronext Growth Paris,EUR
SPBK 1 NORDMØRE,NO0010691660,SNOR,Oslo Børs,NOK
SPBK 1 ØSTLANDET,NO0010751910,SPOL,Oslo Børs,NOK
SPBK1 HELGELAND,NO0010029804,HELG,Oslo Børs,NOK
SPBK1 NORD-NORGE,NO0006000801,NONG,Oslo Børs,NOK
SPBK1 RINGERIKE,NO0006390400,RING,Oslo Børs,NOK
SPBK1 ØSTFOLD AKE,NO0010285562,SOAG,Oslo Børs,NOK
SPEED RABBIT PIZZA,FR0000054371,MLSRP,Euronext Access Paris,EUR
SPIE,FR0012757854,SPIE,Euronext Paris,EUR
SPINEGUARD,FR0011464452,ALSGD,Euronext Growth Paris,EUR
SPINEGUARD BS,FR0014003UB4,SGDBS,Euronext Growth Paris,EUR
SPINEWAY,FR0011398874,ALSPW,Euronext Growth Paris,EUR
SPORTING,PTSCP0AM0001,SCP,Euronext Lisbon,EUR
SPR1 ORD SHARES,NL0015000NM7,SPR1,Euronext Amsterdam,EUR
SPR1T TREAS SHARES,NL0015000NL9,SPR1T,Euronext Amsterdam,EUR
SPR1W WARRANTS,NL0015000NK1,SPR1W,Euronext Amsterdam,EUR
SQLI,FR0011289040,SQI,Euronext Paris,EUR
ST DUPONT,FR0000054199,DPT,Euronext Paris,EUR
ST GOBAIN IMB,BE0003279784,-,Euronext Expert Market,EUR
ST-PIETERS-LEEUW,BE0014199377,-,Euronext Expert Market,EUR
STATT TORSK,NO0010775844,STATT,Euronext Growth Oslo,NOK
STEF,FR0000064271,STF,Euronext Paris,EUR
STELLANTIS NV,NL00150001Q9,STLA,Euronext Paris,EUR
STERN GROEP,NL0000336303,STRN,Euronext Amsterdam,EUR
STMICROELECTRONICS,NL0000226223,STM,Euronext Paris,EUR
STOLT-NIELSEN,BMG850801025,SNI,Oslo Børs,NOK
STOREBRAND,NO0003053605,STB,Oslo Børs,NOK
STRADIM ESPAC.FIN,FR0000074775,ALSAS,Euronext Growth Paris,EUR
STREAMWIDE,FR0010528059,ALSTW,Euronext Growth Paris,EUR
STREIT MECANIQUE,FR0000063976,MLSTR,Euronext Access Paris,EUR
STRONGPOINT,NO0010098247,STRO,Oslo Børs,NOK
SUBSEA 7,LU0075646355,SUBC,Oslo Børs,NOK
SUEZ,FR0010613471,SEV,Euronext Paris,
SUMO RESOURCES PLC,GB00B8GJBS16,MLSUM,Euronext Access Paris,EUR
SUNNDAL SPAREBANK,NO0010672900,SUNSB,Euronext Growth Oslo,NOK
SURONGO,BE0003527356,-,Euronext Expert Market,EUR
SWORD GROUP,FR0004180578,SWP,Euronext Paris,EUR
SYNERGIE,FR0000032658,SDG,Euronext Paris,EUR
T STAMP INC,US8730483000,AIID,Euronext Growth Dublin,USD
T.PALM INTERN. LUX,BE6321066613,-,Euronext Expert Market,EUR
TARGOVAX,NO0010689326,TRVX,Oslo Børs,NOK
TARKETT,FR0004188670,TKTT,Euronext Paris,EUR
TAYNINH,FR0000063307,TAYN,Euronext Paris,EUR
TEAM,FR0000033466,MLTEA,Euronext Access Paris,EUR
TECH BSA 2024,FR0013526225,TECBS,Euronext Paris,EUR
TECHNICOLOR,FR0013505062,TCH,Euronext Paris,EUR
TECHNIP ENERGIES,NL0014559478,TE,Euronext Paris,EUR
TECHNIPFMC,GB00BDSFG982,FTI,Euronext Paris,EUR
TECHSTEP,NO0003095309,TECH,Oslo Børs,NOK
TECO 2030,NO0010887516,TECO,Euronext Growth Oslo,NOK
TEIXEIRA DUARTE,PTTD10AM0000,TDSA,Euronext Lisbon,EUR
TEKNA HOLDING,NO0010951577,TEKNA,Euronext Growth Oslo,NOK
TELECOM ITALIA SPA,IT0003497168,TIT,Traded not listed Brussels,EUR
TELEFONICA,ES0178430E18,TFA,Traded not listed Brussels,EUR
TELENET GROUP,BE0003826436,TNET,Euronext Brussels,EUR
TELENOR,NO0010063308,TEL,Oslo Børs,NOK
TELEPERFORMANCE,FR0000051807,TEP,Euronext Paris,EUR
TELEVERBIER,CH0008175645,TVRB,Euronext Paris,EUR
TELEVISTA,FR0011076595,MLVST,Euronext Access Paris,EUR
TER BEKE,BE0003573814,TERB,Euronext Brussels,EUR
TESCO PLC,GB00BLGZ9862,TCO,Euronext Dublin,EUR
TESSENDERLO,BE0003555639,TESB,Euronext Brussels,EUR
TETRAGON FIN GRP,GG00B1RMC548,TFG,Euronext Amsterdam,USD
TETRYS,BE0003886067,TET,Euronext Expert Market,EUR
TEXAF,BE0974263924,TEXF,Euronext Brussels,EUR
TF1,FR0000054900,TFI,Euronext Paris,EUR
TFF GROUP,FR0013295789,TFF,Euronext Paris,EUR
TGS,NO0003078800,TGS,Oslo Børs,NOK
THALES,FR0000121329,HO,Euronext Paris,EUR
THE BLOCKCHAIN GP,FR0011053636,ALTBG,Euronext Growth Paris,EUR
THE KINGFISH COMP,NL00150001S5,KING,Euronext Growth Oslo,NOK
THE NAVIGATOR COMP,PTPTI0AM0006,NVG,Euronext Lisbon,EUR
THEBLOCKCHAINGRBS,FR00140065G1,TBGBS,Euronext Growth Paris,EUR
THERACLION,FR0010120402,ALTHE,Euronext Growth Paris,EUR
THERADIAG,FR0004197747,ALTER,Euronext Growth Paris,EUR
THERANEXUS,FR0013286259,ALTHX,Euronext Growth Paris,EUR
THERAVET,BE0974387194,ALVET,Euronext Growth Paris,
THERMADOR GROUPE,FR0013333432,THEP,Euronext Paris,EUR
THUNDERBIRD,VGG885761061,TBIRD,Euronext Amsterdam,USD
TIE KINETIX,NL0010389508,TIE,Euronext Amsterdam,EUR
TIETOEVRY,FI0009000277,TIETO,Oslo Børs,NOK
TIKEHAU CAPITAL,FR0013230612,TKO,Euronext Paris,EUR
TINC,BE0974282148,TINC,Euronext Brussels,EUR
TIPIAK,FR0000066482,TIPI,Euronext Paris,EUR
TISCALI,IT0004513666,TISN,Traded not listed Brussels,EUR
TISSAGES BRUGGEMAN,BE0036061746,-,Euronext Expert Market,EUR
TITAN CEMENT,BE0974338700,TITC,Euronext Brussels,
TIVOLY,FR0000060949,ALTIV,Euronext Growth Paris,EUR
TKH GROUP,NL0000852523,TWEKA,Euronext Amsterdam,EUR
TOMRA SYSTEMS,NO0005668905,TOM,Oslo Børs,NOK
TOMTOM,NL0013332471,TOM2,Euronext Amsterdam,EUR
TOOLUX SANDING,LU0394945660,ALTLX,Euronext Growth Paris,EUR
TOOSLA,FR00140062B9,ALTOO,Euronext Growth Paris,EUR
TOQUES BLANCHES,FR0011668821,ALTBM,Euronext Growth Paris,EUR
TOTAL GABON,GA0000121459,EC,Euronext Paris,EUR
TOTALENERGIES,FR0000120271,TTE,Euronext Paris,
TOTENS SPAREBANK,NO0006001205,TOTG,Oslo Børs,NOK
TOUAX,FR0000033003,TOUP,Euronext Paris,EUR
TOUR EIFFEL,FR0000036816,EIFF,Euronext Paris,EUR
TOUTABO,FR0010621722,MLABO,Euronext Access Paris,EUR
TOYOTA CAETANO,PTSCT0AP0018,SCT,Euronext Lisbon,EUR
TPF CONTRACTING,BE0024981525,-,Euronext Expert Market,EUR
TPSH,FR0011040690,MLPSH,Euronext Access Paris,EUR
TRAMWAYS DE ROUEN,FR0000031866,MLTRA,Euronext Access Paris,EUR
TRANSGENE,FR0005175080,TNG,Euronext Paris,EUR
TRANSITION SHARES,FR00140039U7,TRAN,Euronext Paris,EUR
TRANSITION WARRANT,FR0014003AC4,TRANW,Euronext Paris,EUR
TREASURE,NO0010763550,TRE,Oslo Børs,NOK
TRIGANO,FR0005691656,TRI,Euronext Paris,EUR
TRILOGIQ,FR0010397901,ALTRI,Euronext Growth Paris,EUR
TROC ILE,FR0000031106,MLTRO,Euronext Access Paris,EUR
TRONICS,FR0004175099,ALTRO,Euronext Growth Paris,EUR
TTI,FR0010383877,ALTTI,Euronext Growth Paris,EUR
TUBIZE (ATTR),BE0099967573,TUBAT,Euronext Expert Market,EUR
TUBIZE-FIN,BE0003823409,TUB,Euronext Brussels,EUR
TULLOW OIL PLC,GB0001500809,TQW,Euronext Dublin,EUR
TXCOM,FR0010654087,ALTXC,Euronext Growth Paris,EUR
TYSNES SPAREBANK,NO0010731615,TYSB,Euronext Growth Oslo,NOK
U10 CORP,FR0000079147,ALU10,Euronext Growth Paris,EUR
UBISOFT ENTERTAIN,FR0000054470,UBI,Euronext Paris,EUR
UCAR,FR0011070457,ALUCR,Euronext Growth Paris,EUR
UCARE SERVICES BEL,BE0003838555,PNSB,Euronext Access Brussels,EUR
UCB,BE0003739530,UCB,Euronext Brussels,EUR
ULTIMOVACS,NO0010851603,ULTI,Oslo Børs,NOK
UMALIS GROUP,FR0011776889,MLUMG,Euronext Access Paris,EUR
UMANIS,FR0013263878,ALUMS,Euronext Growth Paris,EUR
UMG,NL0015000IY2,UMG,Euronext Amsterdam,EUR
UMICORE,BE0974320526,UMI,Euronext Brussels,EUR
UNI.METALG.HT-SEI.,FR0005783503,MLUMH,Euronext Access Paris,EUR
UNIBAIL-RODAMCO-WE,FR0013326246,URW,Euronext Amsterdam,
UNIBEL,FR0000054215,UNBL,Euronext Paris,EUR
UNIFIEDPOST GROUP,BE0974371032,UPG,Euronext Brussels,EUR
UNILEVER,GB00B10RZP78,UNA,Euronext Amsterdam,EUR
UNION FIN.FRANCE,FR0000034548,UFF,Euronext Paris,EUR
UNION PAC CORP,US9078181081,UNPA,Traded not listed Brussels,USD
UNION TECH.INFOR.,FR0000074197,FPG,Euronext Paris,EUR
UNIPHAR PLC,IE00BJ5FQX74,UPR,Euronext Growth Dublin,EUR
UNITI,FR0012709160,ALUNT,Euronext Growth Paris,EUR
UPERGY,FR0010337865,ALUPG,Euronext Growth Paris,EUR
UTEXBEL,BE0017609521,-,Euronext Expert Market,EUR
UV GERMI,FR0011898584,ALUVI,Euronext Growth Paris,EUR
V LANSCHOT KEMPEN,NL0000302636,VLK,Euronext Amsterdam,EUR
VAA VISTA ALEGRE,PTVAA0AM0019,VAF,Euronext Lisbon,EUR
VALBIOTIS,FR0013254851,ALVAL,Euronext Growth Paris,EUR
VALEO,FR0013176526,FR,Euronext Paris,EUR
VALLOUREC,FR0013506730,VK,Euronext Paris,EUR
VALLOUREC BSA 21,FR00140030K7,VKBS,Euronext Paris,EUR
VALNEVA,FR0004056851,VLA,Euronext Paris,EUR
VALONEO,FR0012833770,MLVAL,Euronext Access Paris,EUR
VALUE8,NL0010661864,VALUE,Euronext Amsterdam,EUR
VALUE8 CUM PREF,NL0015118803,PREVA,Euronext Amsterdam,EUR
VAM INVEST SHARES,NL0015000G40,VAM,Euronext Amsterdam,EUR
VAM INVEST TR SHA,NL0015000GH1,VAMT,Euronext Amsterdam,EUR
VAM INVEST WARRANT,NL0015000G32,VAMW,Euronext Amsterdam,EUR
VAN DE VELDE,BE0003839561,VAN,Euronext Brussels,EUR
VAN GENECHTEN,BE0944866863,-,Euronext Expert Market,EUR
VANDOR REAL ESTATE,ES0105623005,MLVRE,Euronext Access Paris,EUR
VASTNED,NL0000288918,VASTN,Euronext Amsterdam,EUR
VASTNED BELGIUM,BE0003754687,VASTB,Euronext Brussels,EUR
VDK BANK,BE0022780820,-,Euronext Expert Market,EUR
VEIDEKKE,NO0005806802,VEI,Oslo Børs,NOK
VENTE UNIQUE.COM,FR0010766667,ALVU,Euronext Growth Paris,EUR
VEOLIA ENVIRON.,FR0000124141,VIE,Euronext Paris,EUR
VEON,BMG9349W1038,VEON,Euronext Amsterdam,EUR
VERALLIA,FR0013447729,VRLA,Euronext Paris,EUR
VERGNET,FR0004155240,ALVER,Euronext Growth Paris,EUR
VERIMATRIX,FR0010291245,VMX,Euronext Paris,EUR
VERIZON COMM.,US92343V1044,VERIZ,Traded not listed Brussels,USD
VERNEY CARRON,FR0006174496,MLVER,Euronext Access Paris,EUR
VETOQUINOL,FR0004186856,VETO,Euronext Paris,EUR
VGP,BE0003878957,VGP,Euronext Brussels,EUR
VIALIFE,FR0010326090,ALVIA,Euronext Growth Paris,EUR
VICAT,FR0000031775,VCT,Euronext Paris,EUR
VIEL ET COMPAGNIE,FR0000050049,VIL,Euronext Paris,EUR
VILMORIN & CIE,FR0000052516,RIN,Euronext Paris,EUR
VINCI,FR0000125486,DG,Euronext Paris,EUR
VIOHALCO,BE0974271034,VIO,Euronext Brussels,EUR
VIRBAC,FR0000031577,VIRP,Euronext Paris,EUR
VISIATIV,FR0004029478,ALVIV,Euronext Growth Paris,EUR
VISIATIV BS,FR0014003O76,VIVBS,Euronext Growth Paris,EUR
VISIO NERF,FR0010033480,MLVIS,Euronext Access Paris,EUR
VISIOMED BSA2018-1,FR0013322724,VMGBS,Euronext Growth Paris,EUR
VISIOMED GROUP,FR0013481835,ALVMG,Euronext Growth Paris,EUR
VISIOMEDBSA26OCT23,FR0013321817,VMGBT,Euronext Growth Paris,EUR
VISTIN PHARMA,NO0010734122,VISTN,Oslo Børs,NOK
VITURA,FR0010309096,VTR,Euronext Paris,EUR
VIVENDI NV22,FR0014006O81,VIVNV,Euronext Paris,EUR
VIVENDI SE,FR0000127771,VIV,Euronext Paris,EUR
VIVORYON,NL00150002Q7,VVY,Euronext Amsterdam,EUR
VOGO,FR0011532225,ALVGO,Euronext Growth Paris,EUR
VOLKSVERMOGEN,BE0947790037,-,Euronext Expert Market,EUR
VOLKSWAGEN,DE0007664005,VWA,Traded not listed Brussels,EUR
VOLKSWAGEN PREF,DE0007664039,VWAP,Traded not listed Brussels,EUR
VOLTA FINANCE,GG00B1GHHH78,VTA,Euronext Amsterdam,EUR
VOLTALIA,FR0011995588,VLTSA,Euronext Paris,EUR
VOLUE,NO0010894603,VOLUE,Oslo Børs,NOK
VOORUITZICHT,BE0020918638,-,Euronext Expert Market,EUR
VOPAK,NL0009432491,VPK,Euronext Amsterdam,EUR
VOSS VEKSEL OGLAND,NO0003025009,VVL,Oslo Børs,NOK
VOW,NO0010708068,VOW,Oslo Børs,NOK
VOW GREEN METALS,NO0011037483,VGM,Euronext Growth Oslo,NOK
VOYAGEURS DU MONDE,FR0004045847,ALVDM,Euronext Growth Paris,EUR
VRANKEN-POMMERY,FR0000062796,VRAP,Euronext Paris,
VREF SEVILLE,ES0105492005,MLVRF,Euronext Access Paris,EUR
WAGA ENERGY,FR0012532810,WAGA,Euronext Paris,EUR
WALLENIUS WILHELMS,NO0010571680,WAWI,Oslo Børs,NOK
WALLIX,FR0010131409,ALLIX,Euronext Growth Paris,EUR
WAREHOUSES ESTATES,BE0003734481,WEB,Euronext Brussels,EUR
WAVESTONE,FR0013357621,WAVE,Euronext Paris,EUR
WDP,BE0974349814,WDP,Euronext Brussels,
WE.CONNECT,FR0013079092,ALWEC,Euronext Growth Paris,EUR
WEACCESS GROUP,FR0010688465,MLWEA,Euronext Access Paris,EUR
WEBSTEP,NO0010609662,WSTEP,Oslo Børs,NOK
WEDIA,FR0010688440,ALWED,Euronext Growth Paris,EUR
WELL,FR0004152700,MLWEL,Euronext Access Paris,EUR
WENDEL,FR0000121204,MF,Euronext Paris,EUR
WERELDHAVE,NL0000289213,WHA,Euronext Amsterdam,EUR
WERELDHAVE BELGIUM,BE0003724383,WEHB,Euronext Brussels,EUR
WESTERN BULK CHART,NO0010768096,WEST,Euronext Growth Oslo,NOK
WEYA,FR0010768770,MLWEY,Euronext Access Paris,EUR
WEYVELD NOSSEGEM,BE0107958945,-,Euronext Expert Market,EUR
WHITENI R CAJAL,ES0105399002,MLWRC,Euronext Access Paris,EUR
WHITESTONE GROUP,BE0974401334,ROCK,Euronext Growth Brussels,EUR
WILH. WILHELMSEN A,NO0010571698,WWI,Oslo Børs,NOK
WILH. WILHELMSEN B,NO0010576010,WWIB,Oslo Børs,NOK
WILSON,NO0010252356,WILS,Oslo Børs,NOK
WINFARM,FR0014000P11,ALWF,Euronext Growth Paris,EUR
WITBE,FR0013143872,ALWIT,Euronext Growth Paris,EUR
WIZIBOAT,FR00140047H7,MLWIZ,Euronext Access Paris,EUR
WOL. EXTENS. CERT,BE0003600112,WOLE,Euronext Brussels,EUR
WOL. SHOPPING CERT,BE0003571792,WOLS,Euronext Brussels,EUR
WOLTERS KLUWER,NL0000395903,WKL,Euronext Amsterdam,EUR
WORLDLINE,FR0011981968,WLN,Euronext Paris,EUR
X-FAB,BE0974310428,XFAB,Euronext Paris,EUR
XILAM ANIMATION,FR0004034072,XIL,Euronext Paris,EUR
XIOR,BE0974288202,XIOR,Euronext Brussels,EUR
XPLORA TECHNOLOGIE,NO0010895782,XPLRA,Euronext Growth Oslo,NOK
XXL,NO0010716863,XXL,Oslo Børs,NOK
YARA INTERNATIONAL,NO0010208051,YAR,Oslo Børs,NOK
YATRA,JE00B1FBT077,YATRA,Euronext Amsterdam,EUR
ZALARIS,NO0010708910,ZAL,Oslo Børs,NOK
ZAPTEC,NO0010713936,ZAP,Euronext Growth Oslo,NOK
ZCCM,ZM0000000037,MLZAM,Euronext Access Paris,EUR
ZCI LIMITED,BMG9887P1068,CV,Euronext Paris,EUR
ZENITH ENERGY,CA98936C1068,ZENA,Euronext Growth Oslo,NOK
ZENOBE GRAMME CERT,BE0003809267,ZEN,Euronext Brussels,EUR
ZWIPE,NO0010721277,ZWIPE,Euronext Growth Oslo,NOK
ØRN SOFTWARE HLD.,NO0010934748,ORN,Euronext Growth Oslo,NOK